Event.Index,UTC.Timestamp,UTC.Date,Local.Timestamp,Local.Timezone,Local.Date,Experiment.ID,Experiment.Version,Tree.Node.Key,Repeat.Key,Schedule.ID,Participant.Private.ID,Participant.Starting.Group,Participant.Status,Participant.Completion.Code,Participant.External.Session.ID,Participant.Device.Type,Participant.Device,Participant.OS,Participant.Browser,Participant.Monitor.Size,Participant.Viewport.Size,Checkpoint,Task.Name,Task.Version,branch.69an,randomiser.8vg2,quota.bqtt,quota.rycs,quota.wtfi,quota.usve,quota.zgic,quota.f3yz,quota.r9vy,quota.tfqq,quota.3dga,quota.kfqt,Spreadsheet,Spreadsheet.Name,Spreadsheet.Row,Trial.Number,Screen.Number,Screen.Name,Zone.Name,Zone.Type,Reaction.Time,Reaction.Onset,Response.Type,Response,Attempt,Correct,Incorrect,Dishonest,X.Coordinate,Y.Coordinate,Timed.Out,randomise_blocks,randomise_trials,display,Arguments,ShowProgressBar,StartDate,EndDate,ResponseId,CONSENT,LeaveOrRemain,brex_conf,stanely_L,stanley_R,intellectual_R_1,intellectual_R_2,intellectual_R_3,intellectual_L_1,intellectual_L_2,intellectual_L_3,morality_R_1,morality_R_2,morality_R_3,morality_L_1,morality_L_2,morality_L_3,discuss_1,read_1,age,gender,gender_4_TEXT,edu,anything_else,ID,arg_ID,Position,Arg_Position
1,1651861144527,06/05/2022 18:19:04,1651861144437,1,06/05/2022 19:19:04,87571,3,task-8jq2,NA,21722499,6422405,NA,complete,NA,62756679b1a65ac67f3da1be,computer,Desktop or Laptop,Windows 10,Chrome 101.0.4951.54,1280x720,1920x902,NA,ITT Ratings,3,Leave,3,NA,ACCEPT,NA,NA,NA,NA,NA,NA,NA,NA,batch3_REM,NA,NA,BEGIN TASK,NA,NA,NA,NA,NA,NA,NA,NA,NA,0,1,0,NA,NA,NA,NA,NA,NA,NA,NA,NA,NA,NA,NA,NA,NA,NA,NA,NA,NA,NA,NA,NA,NA,NA,NA,NA,NA,NA,NA,NA,NA,NA,NA,NA,NA,NA,NA,NA,NA,NA
2,1651861151464,06/05/2022 18:19:11,1651861151439,1,06/05/2022 19:19:11,87571,3,task-8jq2,NA,21722499,6422405,NA,complete,NA,62756679b1a65ac67f3da1be,computer,Desktop or Laptop,Windows 10,Chrome 101.0.4951.54,1280x720,1920x902,NA,ITT Ratings,3,Leave,3,NA,ACCEPT,NA,NA,NA,NA,NA,NA,NA,NA,batch3_REM,batch3_REM,1,1,1,Screen 1,advancementZone,continue_button,6961.899999991059,NA,NA,NA,NA,0,1,0,NA,NA,NA,NA,NA,instructions,NA,NA,NA,NA,NA,NA,NA,NA,NA,NA,NA,NA,NA,NA,NA,NA,NA,NA,NA,NA,NA,NA,NA,NA,NA,NA,NA,NA,NA,NA,NA,NA,NA
3,1651861156243,06/05/2022 18:19:16,1651861156190,1,06/05/2022 19:19:16,87571,3,task-8jq2,NA,21722499,6422405,NA,complete,NA,62756679b1a65ac67f3da1be,computer,Desktop or Laptop,Windows 10,Chrome 101.0.4951.54,1280x720,1920x902,NA,ITT Ratings,3,Leave,3,NA,ACCEPT,NA,NA,NA,NA,NA,NA,NA,NA,batch3_REM,batch3_REM,35,1,1,Screen 1,continueButton,response_rating_scale_likert_active,4730.100000008941,NA,NA,Somewhat Agree,1,0,1,0,NA,NA,NA,NA,1,statements,More security with Europe,1,5/4/22,5/4/22,R_Td4BlQQ7SAXKNVv,YES,Remain (Against Brexit),Very Doubtful,NA,Neither Agree nor Disagree,NA,NA,NA,Neither Agree nor Disagree,Neither Agree nor Disagree,Neither Agree nor Disagree,NA,NA,NA,Neither Agree nor Disagree,Neither Agree nor Disagree,Neither Agree nor Disagree,Never,Never,35,Female,NA,A levels,NA,26,2,Remain,Remain
4,1651861162673,06/05/2022 18:19:22,1651861162644,1,06/05/2022 19:19:22,87571,3,task-8jq2,NA,21722499,6422405,NA,complete,NA,62756679b1a65ac67f3da1be,computer,Desktop or Laptop,Windows 10,Chrome 101.0.4951.54,1280x720,1920x902,NA,ITT Ratings,3,Leave,3,NA,ACCEPT,NA,NA,NA,NA,NA,NA,NA,NA,batch3_REM,batch3_REM,36,2,1,Screen 1,continueButton,response_rating_scale_likert_active,6423.79999999702,NA,NA,Strongly Disagree,1,0,1,0,NA,NA,NA,NA,1,statements,Ability to have another vote to leave later down the line,1,5/4/22,5/4/22,R_Td4BlQQ7SAXKNVv,YES,Remain (Against Brexit),Very Doubtful,NA,Neither Agree nor Disagree,NA,NA,NA,Neither Agree nor Disagree,Neither Agree nor Disagree,Neither Agree nor Disagree,NA,NA,NA,Neither Agree nor Disagree,Neither Agree nor Disagree,Neither Agree nor Disagree,Never,Never,35,Female,NA,A levels,NA,26,3,Remain,Remain
5,1651861166565,06/05/2022 18:19:26,1651861166513,1,06/05/2022 19:19:26,87571,3,task-8jq2,NA,21722499,6422405,NA,complete,NA,62756679b1a65ac67f3da1be,computer,Desktop or Laptop,Windows 10,Chrome 101.0.4951.54,1280x720,1920x902,NA,ITT Ratings,3,Leave,3,NA,ACCEPT,NA,NA,NA,NA,NA,NA,NA,NA,batch3_REM,batch3_REM,56,3,1,Screen 1,continueButton,response_rating_scale_likert_active,3850.400000005961,NA,NA,Strongly Agree,1,0,1,0,NA,NA,NA,NA,1,statements,We don't have to pay lots of money to Europe,1,5/4/22,5/4/22,R_XtBrye5FUEVn9Jf,YES,Remain (Against Brexit),Confident,NA,Somewhat Agree,NA,NA,NA,Disagree,Disagree,Disagree,NA,NA,NA,Disagree,Disagree,Disagree,A few times a year,A few times a year,26,Female,NA,"Postgraduate degree (MSc, MA, MPhil)",NA,29,2,Remain,Leave
6,1651861167948,06/05/2022 18:19:27,1651861167895,1,06/05/2022 19:19:27,87571,3,task-8jq2,NA,21722499,6422405,NA,complete,NA,62756679b1a65ac67f3da1be,computer,Desktop or Laptop,Windows 10,Chrome 101.0.4951.54,1280x720,1920x902,NA,ITT Ratings,3,Leave,3,NA,ACCEPT,NA,NA,NA,NA,NA,NA,NA,NA,batch3_REM,batch3_REM,39,4,1,Screen 1,continueButton,response_rating_scale_likert_active,1369.0999999940395,NA,NA,Strongly Agree,1,0,1,0,NA,NA,NA,NA,1,statements,Make our own decisions as a country,1,5/4/22,5/4/22,R_Td4BlQQ7SAXKNVv,YES,Remain (Against Brexit),Very Doubtful,NA,Neither Agree nor Disagree,NA,NA,NA,Neither Agree nor Disagree,Neither Agree nor Disagree,Neither Agree nor Disagree,NA,NA,NA,Neither Agree nor Disagree,Neither Agree nor Disagree,Neither Agree nor Disagree,Never,Never,35,Female,NA,A levels,NA,26,3,Remain,Leave
7,1651861169643,06/05/2022 18:19:29,1651861169611,1,06/05/2022 19:19:29,87571,3,task-8jq2,NA,21722499,6422405,NA,complete,NA,62756679b1a65ac67f3da1be,computer,Desktop or Laptop,Windows 10,Chrome 101.0.4951.54,1280x720,1920x902,NA,ITT Ratings,3,Leave,3,NA,ACCEPT,NA,NA,NA,NA,NA,NA,NA,NA,batch3_REM,batch3_REM,62,5,1,Screen 1,continueButton,response_rating_scale_likert_active,1704.0999999940395,NA,NA,Strongly Agree,1,0,1,0,NA,NA,NA,NA,1,statements,The ability for us to choose our own policies.,1,5/4/22,5/4/22,R_p62SjLtAhpp9nfb,YES,Remain (Against Brexit),Confident,NA,Agree,NA,NA,NA,Strongly Disagree,Strongly Disagree,Strongly Disagree,NA,NA,NA,Strongly Disagree,Strongly Disagree,Strongly Disagree,Rarely,Most months,40,Male,NA,"Undergraduate degree (BSc, BA)",NA,30,2,Remain,Leave
8,1651861172759,06/05/2022 18:19:32,1651861172733,1,06/05/2022 19:19:32,87571,3,task-8jq2,NA,21722499,6422405,NA,complete,NA,62756679b1a65ac67f3da1be,computer,Desktop or Laptop,Windows 10,Chrome 101.0.4951.54,1280x720,1920x902,NA,ITT Ratings,3,Leave,3,NA,ACCEPT,NA,NA,NA,NA,NA,NA,NA,NA,batch3_REM,batch3_REM,43,6,1,Screen 1,continueButton,response_rating_scale_likert_active,3106.29999999702,NA,NA,Strongly Agree,1,0,1,0,NA,NA,NA,NA,1,statements,We will not be overruled,1,5/4/22,5/4/22,R_vrDw6MOCqqc8ead,YES,Remain (Against Brexit),Confident,NA,Agree,NA,NA,NA,Disagree,Disagree,Disagree,NA,NA,NA,Disagree,Disagree,Disagree,Never,Rarely,52,Female,NA,A levels,NA,27,1,Remain,Leave
9,1651861176248,06/05/2022 18:19:36,1651861176218,1,06/05/2022 19:19:36,87571,3,task-8jq2,NA,21722499,6422405,NA,complete,NA,62756679b1a65ac67f3da1be,computer,Desktop or Laptop,Windows 10,Chrome 101.0.4951.54,1280x720,1920x902,NA,ITT Ratings,3,Leave,3,NA,ACCEPT,NA,NA,NA,NA,NA,NA,NA,NA,batch3_REM,batch3_REM,46,7,1,Screen 1,continueButton,response_rating_scale_likert_active,3469.29999999702,NA,NA,Neither Agree nor Disagree,1,0,1,0,NA,NA,NA,NA,1,statements,Security of being in the EU,1,5/4/22,5/4/22,R_1CKC3FxscYA8xAo,YES,Remain (Against Brexit),Very confident,NA,Disagree,NA,NA,NA,Somewhat Disagree,Somewhat Agree,Somewhat Agree,NA,NA,NA,Agree,Neither Agree nor Disagree,Agree,Rarely,Once or twice a year,34,Female,NA,"Postgraduate degree (MSc, MA, MPhil)",NA,28,1,Remain,Remain
10,1651861191714,06/05/2022 18:19:51,1651861191692,1,06/05/2022 19:19:51,87571,3,task-8jq2,NA,21722499,6422405,NA,complete,NA,62756679b1a65ac67f3da1be,computer,Desktop or Laptop,Windows 10,Chrome 101.0.4951.54,1280x720,1920x902,NA,ITT Ratings,3,Leave,3,NA,ACCEPT,NA,NA,NA,NA,NA,NA,NA,NA,batch3_REM,batch3_REM,11,8,1,Screen 1,continueButton,response_rating_scale_likert_active,15460,NA,NA,Disagree,1,0,1,0,NA,NA,NA,NA,1,statements,Trade and free movement within the european union,1,5/4/22,5/4/22,R_1fa5H717nESfsyN,YES,Remain (Against Brexit),Very confident,NA,Disagree,NA,NA,NA,Somewhat Agree,Somewhat Agree,Somewhat Agree,NA,NA,NA,Neither Agree nor Disagree,Neither Agree nor Disagree,Somewhat Agree,Once or twice a year,Most months,29,Male,NA,A levels,NA,22,2,Remain,Remain
11,1651861195121,06/05/2022 18:19:55,1651861195090,1,06/05/2022 19:19:55,87571,3,task-8jq2,NA,21722499,6422405,NA,complete,NA,62756679b1a65ac67f3da1be,computer,Desktop or Laptop,Windows 10,Chrome 101.0.4951.54,1280x720,1920x902,NA,ITT Ratings,3,Leave,3,NA,ACCEPT,NA,NA,NA,NA,NA,NA,NA,NA,batch3_REM,batch3_REM,52,9,1,Screen 1,continueButton,response_rating_scale_likert_active,3388.79999999702,NA,NA,Somewhat Agree,1,0,1,0,NA,NA,NA,NA,1,statements,trade deals with other EU countries,1,5/4/22,5/4/22,R_XtBrye5FUEVn9Jf,YES,Remain (Against Brexit),Confident,NA,Somewhat Agree,NA,NA,NA,Disagree,Disagree,Disagree,NA,NA,NA,Disagree,Disagree,Disagree,A few times a year,A few times a year,26,Female,NA,"Postgraduate degree (MSc, MA, MPhil)",NA,29,1,Remain,Remain
12,1651861200553,06/05/2022 18:20:00,1651861200528,1,06/05/2022 19:20:00,87571,3,task-8jq2,NA,21722499,6422405,NA,complete,NA,62756679b1a65ac67f3da1be,computer,Desktop or Laptop,Windows 10,Chrome 101.0.4951.54,1280x720,1920x902,NA,ITT Ratings,3,Leave,3,NA,ACCEPT,NA,NA,NA,NA,NA,NA,NA,NA,batch3_REM,batch3_REM,38,10,1,Screen 1,continueButton,response_rating_scale_likert_active,5423.399999991059,NA,NA,Strongly Agree,1,0,1,0,NA,NA,NA,NA,1,statements,Get better trade deals outside of europe,1,5/4/22,5/4/22,R_Td4BlQQ7SAXKNVv,YES,Remain (Against Brexit),Very Doubtful,NA,Neither Agree nor Disagree,NA,NA,NA,Neither Agree nor Disagree,Neither Agree nor Disagree,Neither Agree nor Disagree,NA,NA,NA,Neither Agree nor Disagree,Neither Agree nor Disagree,Neither Agree nor Disagree,Never,Never,35,Female,NA,A levels,NA,26,2,Remain,Leave
13,1651861202874,06/05/2022 18:20:02,1651861202793,1,06/05/2022 19:20:02,87571,3,task-8jq2,NA,21722499,6422405,NA,complete,NA,62756679b1a65ac67f3da1be,computer,Desktop or Laptop,Windows 10,Chrome 101.0.4951.54,1280x720,1920x902,NA,ITT Ratings,3,Leave,3,NA,ACCEPT,NA,NA,NA,NA,NA,NA,NA,NA,batch3_REM,batch3_REM,9,11,1,Screen 1,continueButton,response_rating_scale_likert_active,2255.70000000298,NA,NA,Strongly Agree,1,0,1,0,NA,NA,NA,NA,1,statements,"Â£500 million a week for the NHS by using busses, or something.",1,5/4/22,5/4/22,R_1rxKxzAHtwrzYT0,YES,Remain (Against Brexit),Very confident,NA,Strongly Disagree,NA,NA,NA,Neither Agree nor Disagree,Strongly Agree,Neither Agree nor Disagree,NA,NA,NA,Neither Agree nor Disagree,Neither Agree nor Disagree,Neither Agree nor Disagree,Rarely,Most weeks,62,Male,NA,"Postgraduate degree (MSc, MA, MPhil)",NA,21,3,Remain,Leave
14,1651861204763,06/05/2022 18:20:04,1651861204729,1,06/05/2022 19:20:04,87571,3,task-8jq2,NA,21722499,6422405,NA,complete,NA,62756679b1a65ac67f3da1be,computer,Desktop or Laptop,Windows 10,Chrome 101.0.4951.54,1280x720,1920x902,NA,ITT Ratings,3,Leave,3,NA,ACCEPT,NA,NA,NA,NA,NA,NA,NA,NA,batch3_REM,batch3_REM,44,12,1,Screen 1,continueButton,response_rating_scale_likert_active,1922,NA,NA,Strongly Agree,1,0,1,0,NA,NA,NA,NA,1,statements,We will be in charge of what matters most to us,1,5/4/22,5/4/22,R_vrDw6MOCqqc8ead,YES,Remain (Against Brexit),Confident,NA,Agree,NA,NA,NA,Disagree,Disagree,Disagree,NA,NA,NA,Disagree,Disagree,Disagree,Never,Rarely,52,Female,NA,A levels,NA,27,2,Remain,Leave
15,1651861206875,06/05/2022 18:20:06,1651861206844,1,06/05/2022 19:20:06,87571,3,task-8jq2,NA,21722499,6422405,NA,complete,NA,62756679b1a65ac67f3da1be,computer,Desktop or Laptop,Windows 10,Chrome 101.0.4951.54,1280x720,1920x902,NA,ITT Ratings,3,Leave,3,NA,ACCEPT,NA,NA,NA,NA,NA,NA,NA,NA,batch3_REM,batch3_REM,20,13,1,Screen 1,continueButton,response_rating_scale_likert_active,2101.20000000298,NA,NA,Strongly Agree,1,0,1,0,NA,NA,NA,NA,1,statements,Keep the cost of energy down,1,5/4/22,5/4/22,R_1C7KQf8aRSUhIzh,YES,Remain (Against Brexit),Confident,NA,Somewhat Agree,NA,NA,NA,Disagree,Disagree,Disagree,NA,NA,NA,Strongly Disagree,Strongly Disagree,Disagree,Rarely,Rarely,35,Female,NA,"Postgraduate degree (MSc, MA, MPhil)",NA,23,2,Remain,Leave
16,1651861209821,06/05/2022 18:20:09,1651861209796,1,06/05/2022 19:20:09,87571,3,task-8jq2,NA,21722499,6422405,NA,complete,NA,62756679b1a65ac67f3da1be,computer,Desktop or Laptop,Windows 10,Chrome 101.0.4951.54,1280x720,1920x902,NA,ITT Ratings,3,Leave,3,NA,ACCEPT,NA,NA,NA,NA,NA,NA,NA,NA,batch3_REM,batch3_REM,18,14,1,Screen 1,continueButton,response_rating_scale_likert_active,2927.20000000298,NA,NA,Strongly Disagree,1,0,1,0,NA,NA,NA,NA,1,statements,Easier travel into Europe,1,5/4/22,5/4/22,R_1C7KQf8aRSUhIzh,YES,Remain (Against Brexit),Confident,NA,Somewhat Agree,NA,NA,NA,Disagree,Disagree,Disagree,NA,NA,NA,Strongly Disagree,Strongly Disagree,Disagree,Rarely,Rarely,35,Female,NA,"Postgraduate degree (MSc, MA, MPhil)",NA,23,3,Remain,Remain
17,1651861221334,06/05/2022 18:20:21,1651861221307,1,06/05/2022 19:20:21,87571,3,task-8jq2,NA,21722499,6422405,NA,complete,NA,62756679b1a65ac67f3da1be,computer,Desktop or Laptop,Windows 10,Chrome 101.0.4951.54,1280x720,1920x902,NA,ITT Ratings,3,Leave,3,NA,ACCEPT,NA,NA,NA,NA,NA,NA,NA,NA,batch3_REM,batch3_REM,4,15,1,Screen 1,continueButton,response_rating_scale_likert_active,11498.89999999106,NA,NA,Somewhat Disagree,1,0,1,0,NA,NA,NA,NA,1,statements,Free movement within the EU,1,5/4/22,5/4/22,R_1rxKxzAHtwrzYT0,YES,Remain (Against Brexit),Very confident,NA,Strongly Disagree,NA,NA,NA,Neither Agree nor Disagree,Strongly Agree,Neither Agree nor Disagree,NA,NA,NA,Neither Agree nor Disagree,Neither Agree nor Disagree,Neither Agree nor Disagree,Rarely,Most weeks,62,Male,NA,"Postgraduate degree (MSc, MA, MPhil)",NA,21,1,Remain,Remain
18,1651861228018,06/05/2022 18:20:28,1651861227991,1,06/05/2022 19:20:27,87571,3,task-8jq2,NA,21722499,6422405,NA,complete,NA,62756679b1a65ac67f3da1be,computer,Desktop or Laptop,Windows 10,Chrome 101.0.4951.54,1280x720,1920x902,NA,ITT Ratings,3,Leave,3,NA,ACCEPT,NA,NA,NA,NA,NA,NA,NA,NA,batch3_REM,batch3_REM,45,16,1,Screen 1,continueButton,response_rating_scale_likert_active,6672.899999991059,NA,NA,Strongly Disagree,1,0,1,0,NA,NA,NA,NA,1,statements,i really don't know as I can't see any benefits up to now,1,5/4/22,5/4/22,R_vrDw6MOCqqc8ead,YES,Remain (Against Brexit),Confident,NA,Agree,NA,NA,NA,Disagree,Disagree,Disagree,NA,NA,NA,Disagree,Disagree,Disagree,Never,Rarely,52,Female,NA,A levels,NA,27,3,Remain,Leave
19,1651861233409,06/05/2022 18:20:33,1651861233388,1,06/05/2022 19:20:33,87571,3,task-8jq2,NA,21722499,6422405,NA,complete,NA,62756679b1a65ac67f3da1be,computer,Desktop or Laptop,Windows 10,Chrome 101.0.4951.54,1280x720,1920x902,NA,ITT Ratings,3,Leave,3,NA,ACCEPT,NA,NA,NA,NA,NA,NA,NA,NA,batch3_REM,batch3_REM,13,17,1,Screen 1,continueButton,response_rating_scale_likert_active,5388.29999999702,NA,NA,Somewhat Agree,1,0,1,0,NA,NA,NA,NA,1,statements,350m to the nhs bus from boris,1,5/4/22,5/4/22,R_1fa5H717nESfsyN,YES,Remain (Against Brexit),Very confident,NA,Disagree,NA,NA,NA,Somewhat Agree,Somewhat Agree,Somewhat Agree,NA,NA,NA,Neither Agree nor Disagree,Neither Agree nor Disagree,Somewhat Agree,Once or twice a year,Most months,29,Male,NA,A levels,NA,22,1,Remain,Leave
20,1651861235443,06/05/2022 18:20:35,1651861235423,1,06/05/2022 19:20:35,87571,3,task-8jq2,NA,21722499,6422405,NA,complete,NA,62756679b1a65ac67f3da1be,computer,Desktop or Laptop,Windows 10,Chrome 101.0.4951.54,1280x720,1920x902,NA,ITT Ratings,3,Leave,3,NA,ACCEPT,NA,NA,NA,NA,NA,NA,NA,NA,batch3_REM,batch3_REM,29,18,1,Screen 1,continueButton,response_rating_scale_likert_active,2022.4000000059605,NA,NA,Strongly Agree,1,0,1,0,NA,NA,NA,NA,1,statements,Helps/strengthened economy,1,5/4/22,5/4/22,R_2CHOyH4GACr4d2P,YES,Remain (Against Brexit),Very confident,NA,Disagree,NA,NA,NA,Neither Agree nor Disagree,Somewhat Agree,Agree,NA,NA,NA,Neither Agree nor Disagree,Neither Agree nor Disagree,Neither Agree nor Disagree,A few times a year,Most months,27,Female,NA,"Undergraduate degree (BSc, BA)",NA,25,2,Remain,Remain
21,1651861240731,06/05/2022 18:20:40,1651861240711,1,06/05/2022 19:20:40,87571,3,task-8jq2,NA,21722499,6422405,NA,complete,NA,62756679b1a65ac67f3da1be,computer,Desktop or Laptop,Windows 10,Chrome 101.0.4951.54,1280x720,1920x902,NA,ITT Ratings,3,Leave,3,NA,ACCEPT,NA,NA,NA,NA,NA,NA,NA,NA,batch3_REM,batch3_REM,16,19,1,Screen 1,continueButton,response_rating_scale_likert_active,5277,NA,NA,Somewhat Agree,1,0,1,0,NA,NA,NA,NA,1,statements,More security staying within the EU,1,5/4/22,5/4/22,R_1C7KQf8aRSUhIzh,YES,Remain (Against Brexit),Confident,NA,Somewhat Agree,NA,NA,NA,Disagree,Disagree,Disagree,NA,NA,NA,Strongly Disagree,Strongly Disagree,Disagree,Rarely,Rarely,35,Female,NA,"Postgraduate degree (MSc, MA, MPhil)",NA,23,1,Remain,Remain
22,1651861243428,06/05/2022 18:20:43,1651861243405,1,06/05/2022 19:20:43,87571,3,task-8jq2,NA,21722499,6422405,NA,complete,NA,62756679b1a65ac67f3da1be,computer,Desktop or Laptop,Windows 10,Chrome 101.0.4951.54,1280x720,1920x902,NA,ITT Ratings,3,Leave,3,NA,ACCEPT,NA,NA,NA,NA,NA,NA,NA,NA,batch3_REM,batch3_REM,57,20,1,Screen 1,continueButton,response_rating_scale_likert_active,2682.1000000089407,NA,NA,Somewhat Agree,1,0,1,0,NA,NA,NA,NA,1,statements,prices of goods may go down,1,5/4/22,5/4/22,R_XtBrye5FUEVn9Jf,YES,Remain (Against Brexit),Confident,NA,Somewhat Agree,NA,NA,NA,Disagree,Disagree,Disagree,NA,NA,NA,Disagree,Disagree,Disagree,A few times a year,A few times a year,26,Female,NA,"Postgraduate degree (MSc, MA, MPhil)",NA,29,3,Remain,Leave
23,1651861247114,06/05/2022 18:20:47,1651861247082,1,06/05/2022 19:20:47,87571,3,task-8jq2,NA,21722499,6422405,NA,complete,NA,62756679b1a65ac67f3da1be,computer,Desktop or Laptop,Windows 10,Chrome 101.0.4951.54,1280x720,1920x902,NA,ITT Ratings,3,Leave,3,NA,ACCEPT,NA,NA,NA,NA,NA,NA,NA,NA,batch3_REM,batch3_REM,34,21,1,Screen 1,continueButton,response_rating_scale_likert_active,3664.5,NA,NA,Strongly Disagree,1,0,1,0,NA,NA,NA,NA,1,statements,Unsure what to vote in the election,1,5/4/22,5/4/22,R_Td4BlQQ7SAXKNVv,YES,Remain (Against Brexit),Very Doubtful,NA,Neither Agree nor Disagree,NA,NA,NA,Neither Agree nor Disagree,Neither Agree nor Disagree,Neither Agree nor Disagree,NA,NA,NA,Neither Agree nor Disagree,Neither Agree nor Disagree,Neither Agree nor Disagree,Never,Never,35,Female,NA,A levels,NA,26,1,Remain,Remain
24,1651861250831,06/05/2022 18:20:50,1651861250808,1,06/05/2022 19:20:50,87571,3,task-8jq2,NA,21722499,6422405,NA,complete,NA,62756679b1a65ac67f3da1be,computer,Desktop or Laptop,Windows 10,Chrome 101.0.4951.54,1280x720,1920x902,NA,ITT Ratings,3,Leave,3,NA,ACCEPT,NA,NA,NA,NA,NA,NA,NA,NA,batch3_REM,batch3_REM,5,22,1,Screen 1,continueButton,response_rating_scale_likert_active,3712.70000000298,NA,NA,Somewhat Agree,1,0,1,0,NA,NA,NA,NA,1,statements,Being part of a massive economic block and the resulting benefits,1,5/4/22,5/4/22,R_1rxKxzAHtwrzYT0,YES,Remain (Against Brexit),Very confident,NA,Strongly Disagree,NA,NA,NA,Neither Agree nor Disagree,Strongly Agree,Neither Agree nor Disagree,NA,NA,NA,Neither Agree nor Disagree,Neither Agree nor Disagree,Neither Agree nor Disagree,Rarely,Most weeks,62,Male,NA,"Postgraduate degree (MSc, MA, MPhil)",NA,21,2,Remain,Remain
25,1651861254826,06/05/2022 18:20:54,1651861254771,1,06/05/2022 19:20:54,87571,3,task-8jq2,NA,21722499,6422405,NA,complete,NA,62756679b1a65ac67f3da1be,computer,Desktop or Laptop,Windows 10,Chrome 101.0.4951.54,1280x720,1920x902,NA,ITT Ratings,3,Leave,3,NA,ACCEPT,NA,NA,NA,NA,NA,NA,NA,NA,batch3_REM,batch3_REM,41,23,1,Screen 1,continueButton,response_rating_scale_likert_active,3950.400000005961,NA,NA,Somewhat Agree,1,0,1,0,NA,NA,NA,NA,1,statements,It's better for European Union,1,5/4/22,5/4/22,R_vrDw6MOCqqc8ead,YES,Remain (Against Brexit),Confident,NA,Agree,NA,NA,NA,Disagree,Disagree,Disagree,NA,NA,NA,Disagree,Disagree,Disagree,Never,Rarely,52,Female,NA,A levels,NA,27,2,Remain,Remain
26,1651861257830,06/05/2022 18:20:57,1651861257753,1,06/05/2022 19:20:57,87571,3,task-8jq2,NA,21722499,6422405,NA,complete,NA,62756679b1a65ac67f3da1be,computer,Desktop or Laptop,Windows 10,Chrome 101.0.4951.54,1280x720,1920x902,NA,ITT Ratings,3,Leave,3,NA,ACCEPT,NA,NA,NA,NA,NA,NA,NA,NA,batch3_REM,batch3_REM,59,24,1,Screen 1,continueButton,response_rating_scale_likert_active,2969,NA,NA,Strongly Disagree,1,0,1,0,NA,NA,NA,NA,1,statements,Free movement of people.,1,5/4/22,5/4/22,R_p62SjLtAhpp9nfb,YES,Remain (Against Brexit),Confident,NA,Agree,NA,NA,NA,Strongly Disagree,Strongly Disagree,Strongly Disagree,NA,NA,NA,Strongly Disagree,Strongly Disagree,Strongly Disagree,Rarely,Most months,40,Male,NA,"Undergraduate degree (BSc, BA)",NA,30,2,Remain,Remain
27,1651861260609,06/05/2022 18:21:00,1651861260584,1,06/05/2022 19:21:00,87571,3,task-8jq2,NA,21722499,6422405,NA,complete,NA,62756679b1a65ac67f3da1be,computer,Desktop or Laptop,Windows 10,Chrome 101.0.4951.54,1280x720,1920x902,NA,ITT Ratings,3,Leave,3,NA,ACCEPT,NA,NA,NA,NA,NA,NA,NA,NA,batch3_REM,batch3_REM,60,25,1,Screen 1,continueButton,response_rating_scale_likert_active,2818.0999999940395,NA,NA,Somewhat Agree,1,0,1,0,NA,NA,NA,NA,1,statements,Cost of living for the general public.,1,5/4/22,5/4/22,R_p62SjLtAhpp9nfb,YES,Remain (Against Brexit),Confident,NA,Agree,NA,NA,NA,Strongly Disagree,Strongly Disagree,Strongly Disagree,NA,NA,NA,Strongly Disagree,Strongly Disagree,Strongly Disagree,Rarely,Most months,40,Male,NA,"Undergraduate degree (BSc, BA)",NA,30,3,Remain,Remain
28,1651861263506,06/05/2022 18:21:03,1651861263479,1,06/05/2022 19:21:03,87571,3,task-8jq2,NA,21722499,6422405,NA,complete,NA,62756679b1a65ac67f3da1be,computer,Desktop or Laptop,Windows 10,Chrome 101.0.4951.54,1280x720,1920x902,NA,ITT Ratings,3,Leave,3,NA,ACCEPT,NA,NA,NA,NA,NA,NA,NA,NA,batch3_REM,batch3_REM,61,26,1,Screen 1,continueButton,response_rating_scale_likert_active,2882.20000000298,NA,NA,Strongly Agree,1,0,1,0,NA,NA,NA,NA,1,statements,To stop the free movement of people - immigrants.,1,5/4/22,5/4/22,R_p62SjLtAhpp9nfb,YES,Remain (Against Brexit),Confident,NA,Agree,NA,NA,NA,Strongly Disagree,Strongly Disagree,Strongly Disagree,NA,NA,NA,Strongly Disagree,Strongly Disagree,Strongly Disagree,Rarely,Most months,40,Male,NA,"Undergraduate degree (BSc, BA)",NA,30,1,Remain,Leave
29,1651861265048,06/05/2022 18:21:05,1651861265021,1,06/05/2022 19:21:05,87571,3,task-8jq2,NA,21722499,6422405,NA,complete,NA,62756679b1a65ac67f3da1be,computer,Desktop or Laptop,Windows 10,Chrome 101.0.4951.54,1280x720,1920x902,NA,ITT Ratings,3,Leave,3,NA,ACCEPT,NA,NA,NA,NA,NA,NA,NA,NA,batch3_REM,batch3_REM,8,27,1,Screen 1,continueButton,response_rating_scale_likert_active,1530.9000000059605,NA,NA,Strongly Agree,1,0,1,0,NA,NA,NA,NA,1,statements,Be free from EU regulations.,1,5/4/22,5/4/22,R_1rxKxzAHtwrzYT0,YES,Remain (Against Brexit),Very confident,NA,Strongly Disagree,NA,NA,NA,Neither Agree nor Disagree,Strongly Agree,Neither Agree nor Disagree,NA,NA,NA,Neither Agree nor Disagree,Neither Agree nor Disagree,Neither Agree nor Disagree,Rarely,Most weeks,62,Male,NA,"Postgraduate degree (MSc, MA, MPhil)",NA,21,2,Remain,Leave
30,1651861267587,06/05/2022 18:21:07,1651861267557,1,06/05/2022 19:21:07,87571,3,task-8jq2,NA,21722499,6422405,NA,complete,NA,62756679b1a65ac67f3da1be,computer,Desktop or Laptop,Windows 10,Chrome 101.0.4951.54,1280x720,1920x902,NA,ITT Ratings,3,Leave,3,NA,ACCEPT,NA,NA,NA,NA,NA,NA,NA,NA,batch3_REM,batch3_REM,27,28,1,Screen 1,continueButton,response_rating_scale_likert_active,2521.9000000059605,NA,NA,Strongly Agree,1,0,1,0,NA,NA,NA,NA,1,statements,We can have strong trade deals with other countries who are not in the EU.,1,5/4/22,5/4/22,R_1rCguf9JxXa5SxK,YES,Remain (Against Brexit),Confident,NA,Disagree,NA,NA,NA,Disagree,Agree,Agree,NA,NA,NA,Neither Agree nor Disagree,Somewhat Agree,Neither Agree nor Disagree,Rarely,A few times a year,24,Male,NA,A levels,NA,24,3,Remain,Leave
31,1651861273249,06/05/2022 18:21:13,1651861273219,1,06/05/2022 19:21:13,87571,3,task-8jq2,NA,21722499,6422405,NA,complete,NA,62756679b1a65ac67f3da1be,computer,Desktop or Laptop,Windows 10,Chrome 101.0.4951.54,1280x720,1920x902,NA,ITT Ratings,3,Leave,3,NA,ACCEPT,NA,NA,NA,NA,NA,NA,NA,NA,batch3_REM,batch3_REM,2,29,1,Screen 1,continueButton,response_rating_scale_likert_active,5650.29999999702,NA,NA,Somewhat Agree,1,0,1,0,NA,NA,NA,NA,1,statements,We would like to check you are reading each argument carefully. Please select 'Somewhat Agree' for this answer,1,NA,NA,NA,NA,NA,NA,NA,NA,NA,NA,NA,NA,NA,NA,NA,NA,NA,NA,NA,NA,NA,NA,NA,NA,NA,NA,NA,NA,check1,NA,NA
32,1651861275895,06/05/2022 18:21:15,1651861275863,1,06/05/2022 19:21:15,87571,3,task-8jq2,NA,21722499,6422405,NA,complete,NA,62756679b1a65ac67f3da1be,computer,Desktop or Laptop,Windows 10,Chrome 101.0.4951.54,1280x720,1920x902,NA,ITT Ratings,3,Leave,3,NA,ACCEPT,NA,NA,NA,NA,NA,NA,NA,NA,batch3_REM,batch3_REM,63,30,1,Screen 1,continueButton,response_rating_scale_likert_active,2632,NA,NA,Strongly Agree,1,0,1,0,NA,NA,NA,NA,1,statements,To save financial contributions to the EU.,1,5/4/22,5/4/22,R_p62SjLtAhpp9nfb,YES,Remain (Against Brexit),Confident,NA,Agree,NA,NA,NA,Strongly Disagree,Strongly Disagree,Strongly Disagree,NA,NA,NA,Strongly Disagree,Strongly Disagree,Strongly Disagree,Rarely,Most months,40,Male,NA,"Undergraduate degree (BSc, BA)",NA,30,3,Remain,Leave
33,1651861278442,06/05/2022 18:21:18,1651861278413,1,06/05/2022 19:21:18,87571,3,task-8jq2,NA,21722499,6422405,NA,complete,NA,62756679b1a65ac67f3da1be,computer,Desktop or Laptop,Windows 10,Chrome 101.0.4951.54,1280x720,1920x902,NA,ITT Ratings,3,Leave,3,NA,ACCEPT,NA,NA,NA,NA,NA,NA,NA,NA,batch3_REM,batch3_REM,26,31,1,Screen 1,continueButton,response_rating_scale_likert_active,2541.20000000298,NA,NA,Strongly Agree,1,0,1,0,NA,NA,NA,NA,1,statements,"We will be able to control our borders better, preventing immigration.",1,5/4/22,5/4/22,R_1rCguf9JxXa5SxK,YES,Remain (Against Brexit),Confident,NA,Disagree,NA,NA,NA,Disagree,Agree,Agree,NA,NA,NA,Neither Agree nor Disagree,Somewhat Agree,Neither Agree nor Disagree,Rarely,A few times a year,24,Male,NA,A levels,NA,24,2,Remain,Leave
34,1651861283905,06/05/2022 18:21:23,1651861283875,1,06/05/2022 19:21:23,87571,3,task-8jq2,NA,21722499,6422405,NA,complete,NA,62756679b1a65ac67f3da1be,computer,Desktop or Laptop,Windows 10,Chrome 101.0.4951.54,1280x720,1920x902,NA,ITT Ratings,3,Leave,3,NA,ACCEPT,NA,NA,NA,NA,NA,NA,NA,NA,batch3_REM,batch3_REM,54,32,1,Screen 1,continueButton,response_rating_scale_likert_active,5448.699999988079,NA,NA,Strongly Disagree,1,0,1,0,NA,NA,NA,NA,1,statements,People from other countries can work in the UK,1,5/4/22,5/4/22,R_XtBrye5FUEVn9Jf,YES,Remain (Against Brexit),Confident,NA,Somewhat Agree,NA,NA,NA,Disagree,Disagree,Disagree,NA,NA,NA,Disagree,Disagree,Disagree,A few times a year,A few times a year,26,Female,NA,"Postgraduate degree (MSc, MA, MPhil)",NA,29,3,Remain,Remain
35,1651861289748,06/05/2022 18:21:29,1651861289723,1,06/05/2022 19:21:29,87571,3,task-8jq2,NA,21722499,6422405,NA,complete,NA,62756679b1a65ac67f3da1be,computer,Desktop or Laptop,Windows 10,Chrome 101.0.4951.54,1280x720,1920x902,NA,ITT Ratings,3,Leave,3,NA,ACCEPT,NA,NA,NA,NA,NA,NA,NA,NA,batch3_REM,batch3_REM,24,33,1,Screen 1,continueButton,response_rating_scale_likert_active,5836.5999999940395,NA,NA,Agree,1,0,1,0,NA,NA,NA,NA,1,statements,"Closing borders or having different restrictions will make both importing and exporting goods much harder, drastically raising prices.",1,5/4/22,5/4/22,R_1rCguf9JxXa5SxK,YES,Remain (Against Brexit),Confident,NA,Disagree,NA,NA,NA,Disagree,Agree,Agree,NA,NA,NA,Neither Agree nor Disagree,Somewhat Agree,Neither Agree nor Disagree,Rarely,A few times a year,24,Male,NA,A levels,NA,24,3,Remain,Remain
36,1651861293579,06/05/2022 18:21:33,1651861293557,1,06/05/2022 19:21:33,87571,3,task-8jq2,NA,21722499,6422405,NA,complete,NA,62756679b1a65ac67f3da1be,computer,Desktop or Laptop,Windows 10,Chrome 101.0.4951.54,1280x720,1920x902,NA,ITT Ratings,3,Leave,3,NA,ACCEPT,NA,NA,NA,NA,NA,NA,NA,NA,batch3_REM,batch3_REM,30,34,1,Screen 1,continueButton,response_rating_scale_likert_active,3821.8999999910593,NA,NA,Agree,1,0,1,0,NA,NA,NA,NA,1,statements,"Certain sectors, eg NHS, have a high number of European workers",1,5/4/22,5/4/22,R_2CHOyH4GACr4d2P,YES,Remain (Against Brexit),Very confident,NA,Disagree,NA,NA,NA,Neither Agree nor Disagree,Somewhat Agree,Agree,NA,NA,NA,Neither Agree nor Disagree,Neither Agree nor Disagree,Neither Agree nor Disagree,A few times a year,Most months,27,Female,NA,"Undergraduate degree (BSc, BA)",NA,25,3,Remain,Remain
37,1651861297594,06/05/2022 18:21:37,1651861297561,1,06/05/2022 19:21:37,87571,3,task-8jq2,NA,21722499,6422405,NA,complete,NA,62756679b1a65ac67f3da1be,computer,Desktop or Laptop,Windows 10,Chrome 101.0.4951.54,1280x720,1920x902,NA,ITT Ratings,3,Leave,3,NA,ACCEPT,NA,NA,NA,NA,NA,NA,NA,NA,batch3_REM,batch3_REM,25,35,1,Screen 1,continueButton,response_rating_scale_likert_active,3991.70000000298,NA,NA,Strongly Agree,1,0,1,0,NA,NA,NA,NA,1,statements,"Not being held to EU laws means we can decide on our own, less restrictive regulations for things such as employment and goods.",1,5/4/22,5/4/22,R_1rCguf9JxXa5SxK,YES,Remain (Against Brexit),Confident,NA,Disagree,NA,NA,NA,Disagree,Agree,Agree,NA,NA,NA,Neither Agree nor Disagree,Somewhat Agree,Neither Agree nor Disagree,Rarely,A few times a year,24,Male,NA,A levels,NA,24,1,Remain,Leave
38,1651861300315,06/05/2022 18:21:40,1651861300251,1,06/05/2022 19:21:40,87571,3,task-8jq2,NA,21722499,6422405,NA,complete,NA,62756679b1a65ac67f3da1be,computer,Desktop or Laptop,Windows 10,Chrome 101.0.4951.54,1280x720,1920x902,NA,ITT Ratings,3,Leave,3,NA,ACCEPT,NA,NA,NA,NA,NA,NA,NA,NA,batch3_REM,batch3_REM,47,36,1,Screen 1,continueButton,response_rating_scale_likert_active,2679.9000000059605,NA,NA,Strongly Disagree,1,0,1,0,NA,NA,NA,NA,1,statements,I am Pro-immigration,1,5/4/22,5/4/22,R_1CKC3FxscYA8xAo,YES,Remain (Against Brexit),Very confident,NA,Disagree,NA,NA,NA,Somewhat Disagree,Somewhat Agree,Somewhat Agree,NA,NA,NA,Agree,Neither Agree nor Disagree,Agree,Rarely,Once or twice a year,34,Female,NA,"Postgraduate degree (MSc, MA, MPhil)",NA,28,2,Remain,Remain
39,1651861304326,06/05/2022 18:21:44,1651861304305,1,06/05/2022 19:21:44,87571,3,task-8jq2,NA,21722499,6422405,NA,complete,NA,62756679b1a65ac67f3da1be,computer,Desktop or Laptop,Windows 10,Chrome 101.0.4951.54,1280x720,1920x902,NA,ITT Ratings,3,Leave,3,NA,ACCEPT,NA,NA,NA,NA,NA,NA,NA,NA,batch3_REM,batch3_REM,22,37,1,Screen 1,continueButton,response_rating_scale_likert_active,4044.400000005961,NA,NA,Neither Agree nor Disagree,1,0,1,0,NA,NA,NA,NA,1,statements,We're stronger as a part of the EU than separate.,1,5/4/22,5/4/22,R_1rCguf9JxXa5SxK,YES,Remain (Against Brexit),Confident,NA,Disagree,NA,NA,NA,Disagree,Agree,Agree,NA,NA,NA,Neither Agree nor Disagree,Somewhat Agree,Neither Agree nor Disagree,Rarely,A few times a year,24,Male,NA,A levels,NA,24,1,Remain,Remain
40,1651861308500,06/05/2022 18:21:48,1651861308469,1,06/05/2022 19:21:48,87571,3,task-8jq2,NA,21722499,6422405,NA,complete,NA,62756679b1a65ac67f3da1be,computer,Desktop or Laptop,Windows 10,Chrome 101.0.4951.54,1280x720,1920x902,NA,ITT Ratings,3,Leave,3,NA,ACCEPT,NA,NA,NA,NA,NA,NA,NA,NA,batch3_REM,batch3_REM,23,38,1,Screen 1,continueButton,response_rating_scale_likert_active,4150.600000008941,NA,NA,Neither Agree nor Disagree,1,0,1,0,NA,NA,NA,NA,1,statements,Having the rules and regulations of the EU helps protect consumers.,1,5/4/22,5/4/22,R_1rCguf9JxXa5SxK,YES,Remain (Against Brexit),Confident,NA,Disagree,NA,NA,NA,Disagree,Agree,Agree,NA,NA,NA,Neither Agree nor Disagree,Somewhat Agree,Neither Agree nor Disagree,Rarely,A few times a year,24,Male,NA,A levels,NA,24,2,Remain,Remain
41,1651861313024,06/05/2022 18:21:53,1651861312618,1,06/05/2022 19:21:52,87571,3,task-8jq2,NA,21722499,6422405,NA,complete,NA,62756679b1a65ac67f3da1be,computer,Desktop or Laptop,Windows 10,Chrome 101.0.4951.54,1280x720,1920x902,NA,ITT Ratings,3,Leave,3,NA,ACCEPT,NA,NA,NA,NA,NA,NA,NA,NA,batch3_REM,batch3_REM,58,39,1,Screen 1,continueButton,response_rating_scale_likert_active,4136.29999999702,NA,NA,Neither Agree nor Disagree,1,0,1,0,NA,NA,NA,NA,1,statements,Access to the single market.,1,5/4/22,5/4/22,R_p62SjLtAhpp9nfb,YES,Remain (Against Brexit),Confident,NA,Agree,NA,NA,NA,Strongly Disagree,Strongly Disagree,Strongly Disagree,NA,NA,NA,Strongly Disagree,Strongly Disagree,Strongly Disagree,Rarely,Most months,40,Male,NA,"Undergraduate degree (BSc, BA)",NA,30,1,Remain,Remain
42,1651861315151,06/05/2022 18:21:55,1651861315128,1,06/05/2022 19:21:55,87571,3,task-8jq2,NA,21722499,6422405,NA,complete,NA,62756679b1a65ac67f3da1be,computer,Desktop or Laptop,Windows 10,Chrome 101.0.4951.54,1280x720,1920x902,NA,ITT Ratings,3,Leave,3,NA,ACCEPT,NA,NA,NA,NA,NA,NA,NA,NA,batch3_REM,batch3_REM,55,40,1,Screen 1,continueButton,response_rating_scale_likert_active,2496.20000000298,NA,NA,Strongly Agree,1,0,1,0,NA,NA,NA,NA,1,statements,more independence in making laws,1,5/4/22,5/4/22,R_XtBrye5FUEVn9Jf,YES,Remain (Against Brexit),Confident,NA,Somewhat Agree,NA,NA,NA,Disagree,Disagree,Disagree,NA,NA,NA,Disagree,Disagree,Disagree,A few times a year,A few times a year,26,Female,NA,"Postgraduate degree (MSc, MA, MPhil)",NA,29,1,Remain,Leave
43,1651861315333,06/05/2022 18:21:55,1651861315312,1,06/05/2022 19:21:55,87571,3,task-8jq2,NA,21722499,6422405,NA,complete,NA,62756679b1a65ac67f3da1be,computer,Desktop or Laptop,Windows 10,Chrome 101.0.4951.54,1280x720,1920x902,NA,ITT Ratings,3,Leave,3,NA,ACCEPT,NA,NA,NA,NA,NA,NA,NA,NA,batch3_REM,batch3_REM,21,41,1,Screen 1,continueButton,response_rating_scale_likert_active,171.8999999910593,NA,NA,Strongly Agree,1,0,1,0,NA,NA,NA,NA,1,statements,Create more jobs in Britain,1,5/4/22,5/4/22,R_1C7KQf8aRSUhIzh,YES,Remain (Against Brexit),Confident,NA,Somewhat Agree,NA,NA,NA,Disagree,Disagree,Disagree,NA,NA,NA,Strongly Disagree,Strongly Disagree,Disagree,Rarely,Rarely,35,Female,NA,"Postgraduate degree (MSc, MA, MPhil)",NA,23,3,Remain,Leave
44,1651861319245,06/05/2022 18:21:59,1651861319211,1,06/05/2022 19:21:59,87571,3,task-8jq2,NA,21722499,6422405,NA,complete,NA,62756679b1a65ac67f3da1be,computer,Desktop or Laptop,Windows 10,Chrome 101.0.4951.54,1280x720,1920x902,NA,ITT Ratings,3,Leave,3,NA,ACCEPT,NA,NA,NA,NA,NA,NA,NA,NA,batch3_REM,batch3_REM,14,42,1,Screen 1,continueButton,response_rating_scale_likert_active,3890.400000005961,NA,NA,Strongly Agree,1,0,1,0,NA,NA,NA,NA,1,statements,Sovereignty - become a sovereign state,1,5/4/22,5/4/22,R_1fa5H717nESfsyN,YES,Remain (Against Brexit),Very confident,NA,Disagree,NA,NA,NA,Somewhat Agree,Somewhat Agree,Somewhat Agree,NA,NA,NA,Neither Agree nor Disagree,Neither Agree nor Disagree,Somewhat Agree,Once or twice a year,Most months,29,Male,NA,A levels,NA,22,2,Remain,Leave
45,1651861320958,06/05/2022 18:22:00,1651861320931,1,06/05/2022 19:22:00,87571,3,task-8jq2,NA,21722499,6422405,NA,complete,NA,62756679b1a65ac67f3da1be,computer,Desktop or Laptop,Windows 10,Chrome 101.0.4951.54,1280x720,1920x902,NA,ITT Ratings,3,Leave,3,NA,ACCEPT,NA,NA,NA,NA,NA,NA,NA,NA,batch3_REM,batch3_REM,31,43,1,Screen 1,continueButton,response_rating_scale_likert_active,1708.3999999910593,NA,NA,Strongly Agree,1,0,1,0,NA,NA,NA,NA,1,statements,Against immigration/Xenophobic,1,5/4/22,5/4/22,R_2CHOyH4GACr4d2P,YES,Remain (Against Brexit),Very confident,NA,Disagree,NA,NA,NA,Neither Agree nor Disagree,Somewhat Agree,Agree,NA,NA,NA,Neither Agree nor Disagree,Neither Agree nor Disagree,Neither Agree nor Disagree,A few times a year,Most months,27,Female,NA,"Undergraduate degree (BSc, BA)",NA,25,1,Remain,Leave
46,1651861323561,06/05/2022 18:22:03,1651861323532,1,06/05/2022 19:22:03,87571,3,task-8jq2,NA,21722499,6422405,NA,complete,NA,62756679b1a65ac67f3da1be,computer,Desktop or Laptop,Windows 10,Chrome 101.0.4951.54,1280x720,1920x902,NA,ITT Ratings,3,Leave,3,NA,ACCEPT,NA,NA,NA,NA,NA,NA,NA,NA,batch3_REM,batch3_REM,51,44,1,Screen 1,continueButton,response_rating_scale_likert_active,2589.5,NA,NA,Somewhat Agree,1,0,1,0,NA,NA,NA,NA,1,statements,Including access to the free market,1,5/4/22,5/4/22,R_1CKC3FxscYA8xAo,YES,Remain (Against Brexit),Very confident,NA,Disagree,NA,NA,NA,Somewhat Disagree,Somewhat Agree,Somewhat Agree,NA,NA,NA,Agree,Neither Agree nor Disagree,Agree,Rarely,Once or twice a year,34,Female,NA,"Postgraduate degree (MSc, MA, MPhil)",NA,28,3,Remain,Leave
47,1651861326327,06/05/2022 18:22:06,1651861326298,1,06/05/2022 19:22:06,87571,3,task-8jq2,NA,21722499,6422405,NA,complete,NA,62756679b1a65ac67f3da1be,computer,Desktop or Laptop,Windows 10,Chrome 101.0.4951.54,1280x720,1920x902,NA,ITT Ratings,3,Leave,3,NA,ACCEPT,NA,NA,NA,NA,NA,NA,NA,NA,batch3_REM,batch3_REM,12,45,1,Screen 1,continueButton,response_rating_scale_likert_active,2756.29999999702,NA,NA,Agree,1,0,1,0,NA,NA,NA,NA,1,statements,Not needing a visa to travel,1,5/4/22,5/4/22,R_1fa5H717nESfsyN,YES,Remain (Against Brexit),Very confident,NA,Disagree,NA,NA,NA,Somewhat Agree,Somewhat Agree,Somewhat Agree,NA,NA,NA,Neither Agree nor Disagree,Neither Agree nor Disagree,Somewhat Agree,Once or twice a year,Most months,29,Male,NA,A levels,NA,22,3,Remain,Remain
48,1651861328353,06/05/2022 18:22:08,1651861328321,1,06/05/2022 19:22:08,87571,3,task-8jq2,NA,21722499,6422405,NA,complete,NA,62756679b1a65ac67f3da1be,computer,Desktop or Laptop,Windows 10,Chrome 101.0.4951.54,1280x720,1920x902,NA,ITT Ratings,3,Leave,3,NA,ACCEPT,NA,NA,NA,NA,NA,NA,NA,NA,batch3_REM,batch3_REM,28,46,1,Screen 1,continueButton,response_rating_scale_likert_active,2012.8999999910593,NA,NA,Strongly Disagree,1,0,1,0,NA,NA,NA,NA,1,statements,Freedom of movement,1,5/4/22,5/4/22,R_2CHOyH4GACr4d2P,YES,Remain (Against Brexit),Very confident,NA,Disagree,NA,NA,NA,Neither Agree nor Disagree,Somewhat Agree,Agree,NA,NA,NA,Neither Agree nor Disagree,Neither Agree nor Disagree,Neither Agree nor Disagree,A few times a year,Most months,27,Female,NA,"Undergraduate degree (BSc, BA)",NA,25,1,Remain,Remain
49,1651861330611,06/05/2022 18:22:10,1651861330585,1,06/05/2022 19:22:10,87571,3,task-8jq2,NA,21722499,6422405,NA,complete,NA,62756679b1a65ac67f3da1be,computer,Desktop or Laptop,Windows 10,Chrome 101.0.4951.54,1280x720,1920x902,NA,ITT Ratings,3,Leave,3,NA,ACCEPT,NA,NA,NA,NA,NA,NA,NA,NA,batch3_REM,batch3_REM,42,47,1,Screen 1,continueButton,response_rating_scale_likert_active,2247.9000000059605,NA,NA,Somewhat Disagree,1,0,1,0,NA,NA,NA,NA,1,statements,Everyone benefits in the long run,1,5/4/22,5/4/22,R_vrDw6MOCqqc8ead,YES,Remain (Against Brexit),Confident,NA,Agree,NA,NA,NA,Disagree,Disagree,Disagree,NA,NA,NA,Disagree,Disagree,Disagree,Never,Rarely,52,Female,NA,A levels,NA,27,3,Remain,Remain
50,1651861333438,06/05/2022 18:22:13,1651861333410,1,06/05/2022 19:22:13,87571,3,task-8jq2,NA,21722499,6422405,NA,complete,NA,62756679b1a65ac67f3da1be,computer,Desktop or Laptop,Windows 10,Chrome 101.0.4951.54,1280x720,1920x902,NA,ITT Ratings,3,Leave,3,NA,ACCEPT,NA,NA,NA,NA,NA,NA,NA,NA,batch3_REM,batch3_REM,19,48,1,Screen 1,continueButton,response_rating_scale_likert_active,2812.5999999940395,NA,NA,Strongly Agree,1,0,1,0,NA,NA,NA,NA,1,statements,Britain can support themselves economically,1,5/4/22,5/4/22,R_1C7KQf8aRSUhIzh,YES,Remain (Against Brexit),Confident,NA,Somewhat Agree,NA,NA,NA,Disagree,Disagree,Disagree,NA,NA,NA,Strongly Disagree,Strongly Disagree,Disagree,Rarely,Rarely,35,Female,NA,"Postgraduate degree (MSc, MA, MPhil)",NA,23,1,Remain,Leave
51,1651861338550,06/05/2022 18:22:18,1651861338519,1,06/05/2022 19:22:18,87571,3,task-8jq2,NA,21722499,6422405,NA,complete,NA,62756679b1a65ac67f3da1be,computer,Desktop or Laptop,Windows 10,Chrome 101.0.4951.54,1280x720,1920x902,NA,ITT Ratings,3,Leave,3,NA,ACCEPT,NA,NA,NA,NA,NA,NA,NA,NA,batch3_REM,batch3_REM,10,49,1,Screen 1,continueButton,response_rating_scale_likert_active,5097.20000000298,NA,NA,Strongly Disagree,1,0,1,0,NA,NA,NA,NA,1,statements,Keep immigration how it is,1,5/4/22,5/4/22,R_1fa5H717nESfsyN,YES,Remain (Against Brexit),Very confident,NA,Disagree,NA,NA,NA,Somewhat Agree,Somewhat Agree,Somewhat Agree,NA,NA,NA,Neither Agree nor Disagree,Neither Agree nor Disagree,Somewhat Agree,Once or twice a year,Most months,29,Male,NA,A levels,NA,22,1,Remain,Remain
52,1651861342757,06/05/2022 18:22:22,1651861342725,1,06/05/2022 19:22:22,87571,3,task-8jq2,NA,21722499,6422405,NA,complete,NA,62756679b1a65ac67f3da1be,computer,Desktop or Laptop,Windows 10,Chrome 101.0.4951.54,1280x720,1920x902,NA,ITT Ratings,3,Leave,3,NA,ACCEPT,NA,NA,NA,NA,NA,NA,NA,NA,batch3_REM,batch3_REM,33,50,1,Screen 1,continueButton,response_rating_scale_likert_active,4197.70000000298,NA,NA,Strongly Agree,1,0,1,0,NA,NA,NA,NA,1,statements,Due to claims of saving money usually paid to the EU,1,5/4/22,5/4/22,R_2CHOyH4GACr4d2P,YES,Remain (Against Brexit),Very confident,NA,Disagree,NA,NA,NA,Neither Agree nor Disagree,Somewhat Agree,Agree,NA,NA,NA,Neither Agree nor Disagree,Neither Agree nor Disagree,Neither Agree nor Disagree,A few times a year,Most months,27,Female,NA,"Undergraduate degree (BSc, BA)",NA,25,3,Remain,Leave
53,1651861344541,06/05/2022 18:22:24,1651861344510,1,06/05/2022 19:22:24,87571,3,task-8jq2,NA,21722499,6422405,NA,complete,NA,62756679b1a65ac67f3da1be,computer,Desktop or Laptop,Windows 10,Chrome 101.0.4951.54,1280x720,1920x902,NA,ITT Ratings,3,Leave,3,NA,ACCEPT,NA,NA,NA,NA,NA,NA,NA,NA,batch3_REM,batch3_REM,49,51,1,Screen 1,continueButton,response_rating_scale_likert_active,1770.9000000059605,NA,NA,Strongly Agree,1,0,1,0,NA,NA,NA,NA,1,statements,I am anti immigration,1,5/4/22,5/4/22,R_1CKC3FxscYA8xAo,YES,Remain (Against Brexit),Very confident,NA,Disagree,NA,NA,NA,Somewhat Disagree,Somewhat Agree,Somewhat Agree,NA,NA,NA,Agree,Neither Agree nor Disagree,Agree,Rarely,Once or twice a year,34,Female,NA,"Postgraduate degree (MSc, MA, MPhil)",NA,28,1,Remain,Leave
54,1651861346213,06/05/2022 18:22:26,1651861346187,1,06/05/2022 19:22:26,87571,3,task-8jq2,NA,21722499,6422405,NA,complete,NA,62756679b1a65ac67f3da1be,computer,Desktop or Laptop,Windows 10,Chrome 101.0.4951.54,1280x720,1920x902,NA,ITT Ratings,3,Leave,3,NA,ACCEPT,NA,NA,NA,NA,NA,NA,NA,NA,batch3_REM,batch3_REM,32,52,1,Screen 1,continueButton,response_rating_scale_likert_active,1664.7999999970198,NA,NA,Strongly Agree,1,0,1,0,NA,NA,NA,NA,1,statements,Freedom of decisions,1,5/4/22,5/4/22,R_2CHOyH4GACr4d2P,YES,Remain (Against Brexit),Very confident,NA,Disagree,NA,NA,NA,Neither Agree nor Disagree,Somewhat Agree,Agree,NA,NA,NA,Neither Agree nor Disagree,Neither Agree nor Disagree,Neither Agree nor Disagree,A few times a year,Most months,27,Female,NA,"Undergraduate degree (BSc, BA)",NA,25,2,Remain,Leave
55,1651861349212,06/05/2022 18:22:29,1651861349190,1,06/05/2022 19:22:29,87571,3,task-8jq2,NA,21722499,6422405,NA,complete,NA,62756679b1a65ac67f3da1be,computer,Desktop or Laptop,Windows 10,Chrome 101.0.4951.54,1280x720,1920x902,NA,ITT Ratings,3,Leave,3,NA,ACCEPT,NA,NA,NA,NA,NA,NA,NA,NA,batch3_REM,batch3_REM,17,53,1,Screen 1,continueButton,response_rating_scale_likert_active,2993.20000000298,NA,NA,Agree,1,0,1,0,NA,NA,NA,NA,1,statements,Better import and export,1,5/4/22,5/4/22,R_1C7KQf8aRSUhIzh,YES,Remain (Against Brexit),Confident,NA,Somewhat Agree,NA,NA,NA,Disagree,Disagree,Disagree,NA,NA,NA,Strongly Disagree,Strongly Disagree,Disagree,Rarely,Rarely,35,Female,NA,"Postgraduate degree (MSc, MA, MPhil)",NA,23,2,Remain,Remain
56,1651861351062,06/05/2022 18:22:31,1651861351039,1,06/05/2022 19:22:31,87571,3,task-8jq2,NA,21722499,6422405,NA,complete,NA,62756679b1a65ac67f3da1be,computer,Desktop or Laptop,Windows 10,Chrome 101.0.4951.54,1280x720,1920x902,NA,ITT Ratings,3,Leave,3,NA,ACCEPT,NA,NA,NA,NA,NA,NA,NA,NA,batch3_REM,batch3_REM,50,54,1,Screen 1,continueButton,response_rating_scale_likert_active,1840.5999999940395,NA,NA,Strongly Agree,1,0,1,0,NA,NA,NA,NA,1,statements,Freedom from the EU agreements,1,5/4/22,5/4/22,R_1CKC3FxscYA8xAo,YES,Remain (Against Brexit),Very confident,NA,Disagree,NA,NA,NA,Somewhat Disagree,Somewhat Agree,Somewhat Agree,NA,NA,NA,Agree,Neither Agree nor Disagree,Agree,Rarely,Once or twice a year,34,Female,NA,"Postgraduate degree (MSc, MA, MPhil)",NA,28,2,Remain,Leave
57,1651861354908,06/05/2022 18:22:34,1651861354873,1,06/05/2022 19:22:34,87571,3,task-8jq2,NA,21722499,6422405,NA,complete,NA,62756679b1a65ac67f3da1be,computer,Desktop or Laptop,Windows 10,Chrome 101.0.4951.54,1280x720,1920x902,NA,ITT Ratings,3,Leave,3,NA,ACCEPT,NA,NA,NA,NA,NA,NA,NA,NA,batch3_REM,batch3_REM,6,55,1,Screen 1,continueButton,response_rating_scale_likert_active,3821.599999994039,NA,NA,Strongly Agree,1,0,1,0,NA,NA,NA,NA,1,statements,"More regulation regarding the environment, food, etc. This list goes on and on.",1,5/4/22,5/4/22,R_1rxKxzAHtwrzYT0,YES,Remain (Against Brexit),Very confident,NA,Strongly Disagree,NA,NA,NA,Neither Agree nor Disagree,Strongly Agree,Neither Agree nor Disagree,NA,NA,NA,Neither Agree nor Disagree,Neither Agree nor Disagree,Neither Agree nor Disagree,Rarely,Most weeks,62,Male,NA,"Postgraduate degree (MSc, MA, MPhil)",NA,21,3,Remain,Remain
58,1651861356164,06/05/2022 18:22:36,1651861356143,1,06/05/2022 19:22:36,87571,3,task-8jq2,NA,21722499,6422405,NA,complete,NA,62756679b1a65ac67f3da1be,computer,Desktop or Laptop,Windows 10,Chrome 101.0.4951.54,1280x720,1920x902,NA,ITT Ratings,3,Leave,3,NA,ACCEPT,NA,NA,NA,NA,NA,NA,NA,NA,batch3_REM,batch3_REM,40,56,1,Screen 1,continueButton,response_rating_scale_likert_active,1260.3999999910593,NA,NA,Strongly Agree,1,0,1,0,NA,NA,NA,NA,1,statements,It's better for the UK,1,5/4/22,5/4/22,R_vrDw6MOCqqc8ead,YES,Remain (Against Brexit),Confident,NA,Agree,NA,NA,NA,Disagree,Disagree,Disagree,NA,NA,NA,Disagree,Disagree,Disagree,Never,Rarely,52,Female,NA,A levels,NA,27,1,Remain,Remain
59,1651861358103,06/05/2022 18:22:38,1651861358078,1,06/05/2022 19:22:38,87571,3,task-8jq2,NA,21722499,6422405,NA,complete,NA,62756679b1a65ac67f3da1be,computer,Desktop or Laptop,Windows 10,Chrome 101.0.4951.54,1280x720,1920x902,NA,ITT Ratings,3,Leave,3,NA,ACCEPT,NA,NA,NA,NA,NA,NA,NA,NA,batch3_REM,batch3_REM,7,57,1,Screen 1,continueButton,response_rating_scale_likert_active,1926.0999999940395,NA,NA,Strongly Agree,1,0,1,0,NA,NA,NA,NA,1,statements,Take our country back. [That was an actual quote that I was told].,1,5/4/22,5/4/22,R_1rxKxzAHtwrzYT0,YES,Remain (Against Brexit),Very confident,NA,Strongly Disagree,NA,NA,NA,Neither Agree nor Disagree,Strongly Agree,Neither Agree nor Disagree,NA,NA,NA,Neither Agree nor Disagree,Neither Agree nor Disagree,Neither Agree nor Disagree,Rarely,Most weeks,62,Male,NA,"Postgraduate degree (MSc, MA, MPhil)",NA,21,1,Remain,Leave
60,1651861363545,06/05/2022 18:22:43,1651861363516,1,06/05/2022 19:22:43,87571,3,task-8jq2,NA,21722499,6422405,NA,complete,NA,62756679b1a65ac67f3da1be,computer,Desktop or Laptop,Windows 10,Chrome 101.0.4951.54,1280x720,1920x902,NA,ITT Ratings,3,Leave,3,NA,ACCEPT,NA,NA,NA,NA,NA,NA,NA,NA,batch3_REM,batch3_REM,37,58,1,Screen 1,continueButton,response_rating_scale_likert_active,5426.399999991059,NA,NA,Somewhat Agree,1,0,1,0,NA,NA,NA,NA,1,statements,Make more money on British items,1,5/4/22,5/4/22,R_Td4BlQQ7SAXKNVv,YES,Remain (Against Brexit),Very Doubtful,NA,Neither Agree nor Disagree,NA,NA,NA,Neither Agree nor Disagree,Neither Agree nor Disagree,Neither Agree nor Disagree,NA,NA,NA,Neither Agree nor Disagree,Neither Agree nor Disagree,Neither Agree nor Disagree,Never,Never,35,Female,NA,A levels,NA,26,1,Remain,Leave
61,1651861366203,06/05/2022 18:22:46,1651861366166,1,06/05/2022 19:22:46,87571,3,task-8jq2,NA,21722499,6422405,NA,complete,NA,62756679b1a65ac67f3da1be,computer,Desktop or Laptop,Windows 10,Chrome 101.0.4951.54,1280x720,1920x902,NA,ITT Ratings,3,Leave,3,NA,ACCEPT,NA,NA,NA,NA,NA,NA,NA,NA,batch3_REM,batch3_REM,15,59,1,Screen 1,continueButton,response_rating_scale_likert_active,2641,NA,NA,Strongly Agree,1,0,1,0,NA,NA,NA,NA,1,statements,"Economy - became ""british"" and ""best""",1,5/4/22,5/4/22,R_1fa5H717nESfsyN,YES,Remain (Against Brexit),Very confident,NA,Disagree,NA,NA,NA,Somewhat Agree,Somewhat Agree,Somewhat Agree,NA,NA,NA,Neither Agree nor Disagree,Neither Agree nor Disagree,Somewhat Agree,Once or twice a year,Most months,29,Male,NA,A levels,NA,22,3,Remain,Leave
62,1651861369892,06/05/2022 18:22:49,1651861369865,1,06/05/2022 19:22:49,87571,3,task-8jq2,NA,21722499,6422405,NA,complete,NA,62756679b1a65ac67f3da1be,computer,Desktop or Laptop,Windows 10,Chrome 101.0.4951.54,1280x720,1920x902,NA,ITT Ratings,3,Leave,3,NA,ACCEPT,NA,NA,NA,NA,NA,NA,NA,NA,batch3_REM,batch3_REM,3,60,1,Screen 1,continueButton,response_rating_scale_likert_active,3686.599999994039,NA,NA,Somewhat Disagree,1,0,1,0,NA,NA,NA,NA,1,statements,We would like to check you are reading each argument carefully. Please select 'Somewhat Disagree' for this answer,1,NA,NA,NA,NA,NA,NA,NA,NA,NA,NA,NA,NA,NA,NA,NA,NA,NA,NA,NA,NA,NA,NA,NA,NA,NA,NA,NA,NA,check2,NA,NA
63,1651861373906,06/05/2022 18:22:53,1651861373878,1,06/05/2022 19:22:53,87571,3,task-8jq2,NA,21722499,6422405,NA,complete,NA,62756679b1a65ac67f3da1be,computer,Desktop or Laptop,Windows 10,Chrome 101.0.4951.54,1280x720,1920x902,NA,ITT Ratings,3,Leave,3,NA,ACCEPT,NA,NA,NA,NA,NA,NA,NA,NA,batch3_REM,batch3_REM,48,61,1,Screen 1,continueButton,response_rating_scale_likert_active,4003.5,NA,NA,Neither Agree nor Disagree,1,0,1,0,NA,NA,NA,NA,1,statements,Access to EU countries,1,5/4/22,5/4/22,R_1CKC3FxscYA8xAo,YES,Remain (Against Brexit),Very confident,NA,Disagree,NA,NA,NA,Somewhat Disagree,Somewhat Agree,Somewhat Agree,NA,NA,NA,Agree,Neither Agree nor Disagree,Agree,Rarely,Once or twice a year,34,Female,NA,"Postgraduate degree (MSc, MA, MPhil)",NA,28,3,Remain,Remain
64,1651861377178,06/05/2022 18:22:57,1651861377146,1,06/05/2022 19:22:57,87571,3,task-8jq2,NA,21722499,6422405,NA,complete,NA,62756679b1a65ac67f3da1be,computer,Desktop or Laptop,Windows 10,Chrome 101.0.4951.54,1280x720,1920x902,NA,ITT Ratings,3,Leave,3,NA,ACCEPT,NA,NA,NA,NA,NA,NA,NA,NA,batch3_REM,batch3_REM,53,62,1,Screen 1,continueButton,response_rating_scale_likert_active,3258.29999999702,NA,NA,Somewhat Agree,1,0,1,0,NA,NA,NA,NA,1,statements,freedom of travel between countries in the EU,1,5/4/22,5/4/22,R_XtBrye5FUEVn9Jf,YES,Remain (Against Brexit),Confident,NA,Somewhat Agree,NA,NA,NA,Disagree,Disagree,Disagree,NA,NA,NA,Disagree,Disagree,Disagree,A few times a year,A few times a year,26,Female,NA,"Postgraduate degree (MSc, MA, MPhil)",NA,29,2,Remain,Remain
65,1651861377234,06/05/2022 18:22:57,1651861377150,1,06/05/2022 19:22:57,87571,3,task-8jq2,NA,21722499,6422405,NA,complete,NA,62756679b1a65ac67f3da1be,computer,Desktop or Laptop,Windows 10,Chrome 101.0.4951.54,1280x720,1920x902,NA,ITT Ratings,3,Leave,3,NA,ACCEPT,NA,NA,NA,NA,NA,NA,NA,NA,batch3_REM,NA,NA,END TASK,NA,NA,NA,NA,232713,NA,NA,NA,NA,0,1,0,NA,NA,NA,NA,NA,NA,NA,NA,NA,NA,NA,NA,NA,NA,NA,NA,NA,NA,NA,NA,NA,NA,NA,NA,NA,NA,NA,NA,NA,NA,NA,NA,NA,NA,NA,NA,NA,NA,NA
END OF FILE,NA,NA,NA,NA,NA,NA,NA,NA,NA,NA,NA,NA,NA,NA,NA,NA,NA,NA,NA,NA,NA,NA,NA,NA,NA,NA,NA,NA,NA,NA,NA,NA,NA,NA,NA,NA,NA,NA,NA,NA,NA,NA,NA,NA,NA,NA,NA,NA,NA,NA,NA,NA,NA,NA,NA,NA,NA,NA,NA,NA,NA,NA,NA,NA,NA,NA,NA,NA,NA,NA,NA,NA,NA,NA,NA,NA,NA,NA,NA,NA,NA,NA,NA,NA,NA,NA,NA,NA,NA,NA,NA
