Event.Index,UTC.Timestamp,UTC.Date,Local.Timestamp,Local.Timezone,Local.Date,Experiment.ID,Experiment.Version,Tree.Node.Key,Repeat.Key,Schedule.ID,Participant.Private.ID,Participant.Starting.Group,Participant.Status,Participant.Completion.Code,Participant.External.Session.ID,Participant.Device.Type,Participant.Device,Participant.OS,Participant.Browser,Participant.Monitor.Size,Participant.Viewport.Size,Checkpoint,Task.Name,Task.Version,branch.69an,randomiser.8vg2,quota.bqtt,quota.rycs,quota.wtfi,quota.usve,quota.zgic,quota.f3yz,quota.r9vy,quota.tfqq,quota.3dga,quota.kfqt,Spreadsheet,Spreadsheet.Name,Spreadsheet.Row,Trial.Number,Screen.Number,Screen.Name,Zone.Name,Zone.Type,Reaction.Time,Reaction.Onset,Response.Type,Response,Attempt,Correct,Incorrect,Dishonest,X.Coordinate,Y.Coordinate,Timed.Out,randomise_blocks,randomise_trials,display,Arguments,ShowProgressBar,StartDate,EndDate,ResponseId,CONSENT,Vegan,veg_conf,stanely_V,stanley_Nv,intellectual_v_1,intellectual_v_2,intellectual_v_3,intellectual_Nv_1,intellectual_Nv_2,intellectual_Nv_3,morality_v_1,morality_v_2,morality_v_3,morality_Nv_1,morality_Nv_2,morality_Nv_3,discuss_1,read_1,age,gender,gender_4_TEXT,edu,anything_else,ID,arg_ID,Position,Arg_Position
1,1647366438476,15/03/2022 17:47:18,1647366438165,2,15/03/2022 19:47:18,81666,6,task-iytf,NA,20415360,6056043,NA,complete,NA,6230d0928fd4849c70acd4a0,computer,Desktop or Laptop,Windows 10,Chrome 99.0.4844.51,1536x864,1536x722,NA,ITT Ratings,2,not for,6,NA,NA,NA,NA,ACCEPT,NA,NA,NA,NA,NA,six_Nv,NA,NA,BEGIN TASK,NA,NA,NA,NA,NA,NA,NA,NA,NA,0,1,0,NA,NA,NA,NA,NA,NA,NA,NA,NA,NA,NA,NA,NA,NA,NA,NA,NA,NA,NA,NA,NA,NA,NA,NA,NA,NA,NA,NA,NA,NA,NA,NA,NA,NA,NA,NA,NA,NA,NA
2,1647366454398,15/03/2022 17:47:34,1647366451914,2,15/03/2022 19:47:31,81666,6,task-iytf,NA,20415360,6056043,NA,complete,NA,6230d0928fd4849c70acd4a0,computer,Desktop or Laptop,Windows 10,Chrome 99.0.4844.51,1536x864,1519x722,NA,ITT Ratings,2,not for,6,NA,NA,NA,NA,ACCEPT,NA,NA,NA,NA,NA,six_Nv,six_Nv,1,1,1,Screen 1,advancementZone,continue_button,13661.19999998808,NA,NA,NA,NA,0,1,0,NA,NA,NA,NA,NA,instructions,NA,NA,NA,NA,NA,NA,NA,NA,NA,NA,NA,NA,NA,NA,NA,NA,NA,NA,NA,NA,NA,NA,NA,NA,NA,NA,NA,NA,NA,NA,NA,NA,NA
3,1647366472428,15/03/2022 17:47:52,1647366471886,2,15/03/2022 19:47:51,81666,6,task-iytf,NA,20415360,6056043,NA,complete,NA,6230d0928fd4849c70acd4a0,computer,Desktop or Laptop,Windows 10,Chrome 99.0.4844.51,1536x864,1519x722,NA,ITT Ratings,2,not for,6,NA,NA,NA,NA,ACCEPT,NA,NA,NA,NA,NA,six_Nv,six_Nv,4,1,1,Screen 1,continueButton,response_rating_scale_likert_active,19948.60000002384,NA,NA,Neither Agree nor Disagree,1,0,1,0,NA,NA,NA,NA,1,statements,Not all animals suffer and they have a better life than other animals that are in normal life,1,28/02/2022 18:39,28/02/2022 18:47,R_3iX4qtXiE2yaRUy,YES,No,Very confident,Somewhat Agree,NA,Strongly Disagree,Strongly Disagree,Strongly Disagree,NA,NA,NA,Strongly Disagree,Strongly Disagree,Strongly Disagree,NA,NA,NA,A few times a year,A few times a year,22,Male,NA,Vocational Training / Apprenticeship,NA,51,1,Against,Against
4,1647366492914,15/03/2022 17:48:12,1647366492351,2,15/03/2022 19:48:12,81666,6,task-iytf,NA,20415360,6056043,NA,complete,NA,6230d0928fd4849c70acd4a0,computer,Desktop or Laptop,Windows 10,Chrome 99.0.4844.51,1536x864,1519x722,NA,ITT Ratings,2,not for,6,NA,NA,NA,NA,ACCEPT,NA,NA,NA,NA,NA,six_Nv,six_Nv,48,2,1,Screen 1,continueButton,response_rating_scale_likert_active,20438,NA,NA,Somewhat Disagree,1,0,1,0,NA,NA,NA,NA,1,statements,I will miss meat too much and I'm not willing to not eat it.,1,28/02/2022 18:39,28/02/2022 18:48,R_pgU8VMzPAuo2dFv,YES,No,Somewhat doubtful,Agree,NA,Strongly Disagree,Strongly Disagree,Strongly Disagree,NA,NA,NA,Strongly Disagree,Strongly Disagree,Strongly Disagree,NA,NA,NA,Rarely,Once or twice a year,24,Female,NA,"Undergraduate degree (BSc, BA)",NA,58,3,Against,Against
5,1647366509023,15/03/2022 17:48:29,1647366508346,2,15/03/2022 19:48:28,81666,6,task-iytf,NA,20415360,6056043,NA,complete,NA,6230d0928fd4849c70acd4a0,computer,Desktop or Laptop,Windows 10,Chrome 99.0.4844.51,1536x864,1519x722,NA,ITT Ratings,2,not for,6,NA,NA,NA,NA,ACCEPT,NA,NA,NA,NA,NA,six_Nv,six_Nv,37,3,1,Screen 1,continueButton,response_rating_scale_likert_active,15971.900000035765,NA,NA,Somewhat Agree,1,0,1,0,NA,NA,NA,NA,1,statements,due to the deforestation,1,28/02/2022 18:39,28/02/2022 18:48,R_2c7rpJX9PfYq6AU,YES,No,Very confident,Agree,NA,Disagree,Disagree,Disagree,NA,NA,NA,Strongly Disagree,Strongly Disagree,Strongly Disagree,NA,NA,NA,Rarely,Never,21,Male,NA,GCSEs,NA,56,1,Against,For
6,1647366518107,15/03/2022 17:48:38,1647366517522,2,15/03/2022 19:48:37,81666,6,task-iytf,NA,20415360,6056043,NA,complete,NA,6230d0928fd4849c70acd4a0,computer,Desktop or Laptop,Windows 10,Chrome 99.0.4844.51,1536x864,1519x722,NA,ITT Ratings,2,not for,6,NA,NA,NA,NA,ACCEPT,NA,NA,NA,NA,NA,six_Nv,six_Nv,55,4,1,Screen 1,continueButton,response_rating_scale_likert_active,9155.5,NA,NA,Disagree,1,0,1,0,NA,NA,NA,NA,1,statements,Killing and eating animals is not right,1,28/02/2022 18:40,28/02/2022 18:48,R_PtGnt0z7WjmCXfj,YES,No,Confident,Somewhat Agree,NA,Disagree,Disagree,Disagree,NA,NA,NA,Disagree,Disagree,Disagree,NA,NA,NA,Never,Rarely,65,Male,NA,"Postgraduate degree (MSc, MA, MPhil)",Thanks: interesting,59,1,Against,For
7,1647366524897,15/03/2022 17:48:44,1647366524238,2,15/03/2022 19:48:44,81666,6,task-iytf,NA,20415360,6056043,NA,complete,NA,6230d0928fd4849c70acd4a0,computer,Desktop or Laptop,Windows 10,Chrome 99.0.4844.51,1536x864,1519x722,NA,ITT Ratings,2,not for,6,NA,NA,NA,NA,ACCEPT,NA,NA,NA,NA,NA,six_Nv,six_Nv,56,5,1,Screen 1,continueButton,response_rating_scale_likert_active,6700.299999952316,NA,NA,Strongly Disagree,1,0,1,0,NA,NA,NA,NA,1,statements,Body does not need animal food,1,28/02/2022 18:40,28/02/2022 18:48,R_PtGnt0z7WjmCXfj,YES,No,Confident,Somewhat Agree,NA,Disagree,Disagree,Disagree,NA,NA,NA,Disagree,Disagree,Disagree,NA,NA,NA,Never,Rarely,65,Male,NA,"Postgraduate degree (MSc, MA, MPhil)",Thanks: interesting,59,2,Against,For
8,1647366530202,15/03/2022 17:48:50,1647366529926,2,15/03/2022 19:48:49,81666,6,task-iytf,NA,20415360,6056043,NA,complete,NA,6230d0928fd4849c70acd4a0,computer,Desktop or Laptop,Windows 10,Chrome 99.0.4844.51,1536x864,1519x722,NA,ITT Ratings,2,not for,6,NA,NA,NA,NA,ACCEPT,NA,NA,NA,NA,NA,six_Nv,six_Nv,35,6,1,Screen 1,continueButton,response_rating_scale_likert_active,5675.699999988079,NA,NA,Neither Agree nor Disagree,1,0,1,0,NA,NA,NA,NA,1,statements,I don't want to change my diet,1,28/02/2022 18:39,28/02/2022 18:48,R_2c7rpJX9PfYq6AU,YES,No,Very confident,Agree,NA,Disagree,Disagree,Disagree,NA,NA,NA,Strongly Disagree,Strongly Disagree,Strongly Disagree,NA,NA,NA,Rarely,Never,21,Male,NA,GCSEs,NA,56,2,Against,Against
9,1647366543243,15/03/2022 17:49:03,1647366542693,2,15/03/2022 19:49:02,81666,6,task-iytf,NA,20415360,6056043,NA,complete,NA,6230d0928fd4849c70acd4a0,computer,Desktop or Laptop,Windows 10,Chrome 99.0.4844.51,1536x864,1519x722,NA,ITT Ratings,2,not for,6,NA,NA,NA,NA,ACCEPT,NA,NA,NA,NA,NA,six_Nv,six_Nv,17,7,1,Screen 1,continueButton,response_rating_scale_likert_active,12754.100000023842,NA,NA,Neither Agree nor Disagree,1,0,1,0,NA,NA,NA,NA,1,statements,Don't beleive that can actually help the planet,1,28/02/2022 18:40,28/02/2022 18:47,R_3HH0zz0lyXeljia,YES,No,Somewhat Confident,Agree,NA,Disagree,Disagree,Disagree,NA,NA,NA,Strongly Disagree,Strongly Disagree,Strongly Disagree,NA,NA,NA,Rarely,A few times a year,24,Female,NA,"Undergraduate degree (BSc, BA)",NA,53,2,Against,Against
10,1647366555888,15/03/2022 17:49:15,1647366555358,2,15/03/2022 19:49:15,81666,6,task-iytf,NA,20415360,6056043,NA,complete,NA,6230d0928fd4849c70acd4a0,computer,Desktop or Laptop,Windows 10,Chrome 99.0.4844.51,1536x864,1519x722,NA,ITT Ratings,2,not for,6,NA,NA,NA,NA,ACCEPT,NA,NA,NA,NA,NA,six_Nv,six_Nv,13,8,1,Screen 1,continueButton,response_rating_scale_likert_active,12649.600000023842,NA,NA,Somewhat Agree,1,0,1,0,NA,NA,NA,NA,1,statements,I do not support the murder of other living beings just for their properties.,1,28/02/2022 18:40,28/02/2022 18:47,R_1GZfPQgDkYE3HV2,YES,No,Undecided,Somewhat Disagree,NA,Neither Agree nor Disagree,Agree,Somewhat Agree,NA,NA,NA,Strongly Disagree,Strongly Disagree,Strongly Disagree,NA,NA,NA,Rarely,Never,22,Male,NA,"Postgraduate degree (MSc, MA, MPhil)",NA,52,1,Against,For
11,1647366565550,15/03/2022 17:49:25,1647366565031,2,15/03/2022 19:49:25,81666,6,task-iytf,NA,20415360,6056043,NA,complete,NA,6230d0928fd4849c70acd4a0,computer,Desktop or Laptop,Windows 10,Chrome 99.0.4844.51,1536x864,1519x722,NA,ITT Ratings,2,not for,6,NA,NA,NA,NA,ACCEPT,NA,NA,NA,NA,NA,six_Nv,six_Nv,49,9,1,Screen 1,continueButton,response_rating_scale_likert_active,9663.19999998808,NA,NA,Disagree,1,0,1,0,NA,NA,NA,NA,1,statements,"I avoid eating any animal products or meat, because I care about the animals' life. I am against killing animals for their meat and so forth.",1,28/02/2022 18:39,28/02/2022 18:48,R_pgU8VMzPAuo2dFv,YES,No,Somewhat doubtful,Agree,NA,Strongly Disagree,Strongly Disagree,Strongly Disagree,NA,NA,NA,Strongly Disagree,Strongly Disagree,Strongly Disagree,NA,NA,NA,Rarely,Once or twice a year,24,Female,NA,"Undergraduate degree (BSc, BA)",NA,58,1,Against,For
12,1647366574466,15/03/2022 17:49:34,1647366573925,2,15/03/2022 19:49:33,81666,6,task-iytf,NA,20415360,6056043,NA,complete,NA,6230d0928fd4849c70acd4a0,computer,Desktop or Laptop,Windows 10,Chrome 99.0.4844.51,1536x864,1519x722,NA,ITT Ratings,2,not for,6,NA,NA,NA,NA,ACCEPT,NA,NA,NA,NA,NA,six_Nv,six_Nv,50,10,1,Screen 1,continueButton,response_rating_scale_likert_active,8883.900000035763,NA,NA,Somewhat Disagree,1,0,1,0,NA,NA,NA,NA,1,statements,It can also be to lose some weight.,1,28/02/2022 18:39,28/02/2022 18:48,R_pgU8VMzPAuo2dFv,YES,No,Somewhat doubtful,Agree,NA,Strongly Disagree,Strongly Disagree,Strongly Disagree,NA,NA,NA,Strongly Disagree,Strongly Disagree,Strongly Disagree,NA,NA,NA,Rarely,Once or twice a year,24,Female,NA,"Undergraduate degree (BSc, BA)",NA,58,2,Against,For
13,1647366589510,15/03/2022 17:49:49,1647366589237,2,15/03/2022 19:49:49,81666,6,task-iytf,NA,20415360,6056043,NA,complete,NA,6230d0928fd4849c70acd4a0,computer,Desktop or Laptop,Windows 10,Chrome 99.0.4844.51,1536x864,1519x722,NA,ITT Ratings,2,not for,6,NA,NA,NA,NA,ACCEPT,NA,NA,NA,NA,NA,six_Nv,six_Nv,23,11,1,Screen 1,continueButton,response_rating_scale_likert_active,15302,NA,NA,Neither Agree nor Disagree,1,0,1,0,NA,NA,NA,NA,1,statements,I don't think one person changing their diet would make an impact,1,28/02/2022 18:39,28/02/2022 18:47,R_2bZcijXOUQBstz6,YES,No,Undecided,Agree,NA,Strongly Disagree,Strongly Disagree,Strongly Disagree,NA,NA,NA,Strongly Disagree,Strongly Disagree,Strongly Disagree,NA,NA,NA,Once or twice a year,Most months,24,Female,NA,A levels,NA,54,2,Against,Against
14,1647366606130,15/03/2022 17:50:06,1647366605587,2,15/03/2022 19:50:05,81666,6,task-iytf,NA,20415360,6056043,NA,complete,NA,6230d0928fd4849c70acd4a0,computer,Desktop or Laptop,Windows 10,Chrome 99.0.4844.51,1536x864,1519x722,NA,ITT Ratings,2,not for,6,NA,NA,NA,NA,ACCEPT,NA,NA,NA,NA,NA,six_Nv,six_Nv,31,12,1,Screen 1,continueButton,response_rating_scale_likert_active,16335.400000035765,NA,NA,Neither Agree nor Disagree,1,0,1,0,NA,NA,NA,NA,1,statements,"being vegan is cruelty free, I support the animal rights",1,28/02/2022 18:38,28/02/2022 18:48,R_9Hc3SVhVrkcJWLf,YES,No,Somewhat Confident,Agree,NA,Strongly Disagree,Strongly Disagree,Strongly Disagree,NA,NA,NA,Strongly Disagree,Strongly Disagree,Strongly Disagree,NA,NA,NA,Rarely,A few times a year,25,Female,NA,"Postgraduate degree (MSc, MA, MPhil)",NA,55,1,Against,For
15,1647366614981,15/03/2022 17:50:14,1647366612206,2,15/03/2022 19:50:12,81666,6,task-iytf,NA,20415360,6056043,NA,complete,NA,6230d0928fd4849c70acd4a0,computer,Desktop or Laptop,Windows 10,Chrome 99.0.4844.51,1536x864,1519x722,NA,ITT Ratings,2,not for,6,NA,NA,NA,NA,ACCEPT,NA,NA,NA,NA,NA,six_Nv,six_Nv,20,13,1,Screen 1,continueButton,response_rating_scale_likert_active,6608.800000011921,NA,NA,Strongly Disagree,1,0,1,0,NA,NA,NA,NA,1,statements,"health reason, I believe that is more healthier",1,28/02/2022 18:40,28/02/2022 18:47,R_3HH0zz0lyXeljia,YES,No,Somewhat Confident,Agree,NA,Disagree,Disagree,Disagree,NA,NA,NA,Strongly Disagree,Strongly Disagree,Strongly Disagree,NA,NA,NA,Rarely,A few times a year,24,Female,NA,"Undergraduate degree (BSc, BA)",NA,53,2,Against,For
16,1647366619683,15/03/2022 17:50:19,1647366619414,2,15/03/2022 19:50:19,81666,6,task-iytf,NA,20415360,6056043,NA,complete,NA,6230d0928fd4849c70acd4a0,computer,Desktop or Laptop,Windows 10,Chrome 99.0.4844.51,1536x864,1519x722,NA,ITT Ratings,2,not for,6,NA,NA,NA,NA,ACCEPT,NA,NA,NA,NA,NA,six_Nv,six_Nv,59,14,1,Screen 1,continueButton,response_rating_scale_likert_active,7190.699999988079,NA,NA,Neither Agree nor Disagree,1,0,1,0,NA,NA,NA,NA,1,statements,I love all the kinds of meats,1,28/02/2022 18:40,28/02/2022 18:49,R_xgsVgnBpm54iZH3,YES,No,Somewhat Confident,Agree,NA,Disagree,Disagree,Disagree,NA,NA,NA,Strongly Disagree,Disagree,Disagree,NA,NA,NA,Once or twice a year,A few times a year,26,Female,NA,"Postgraduate degree (MSc, MA, MPhil)",NA,60,2,Against,Against
17,1647366626678,15/03/2022 17:50:26,1647366626097,2,15/03/2022 19:50:26,81666,6,task-iytf,NA,20415360,6056043,NA,complete,NA,6230d0928fd4849c70acd4a0,computer,Desktop or Laptop,Windows 10,Chrome 99.0.4844.51,1536x864,1519x722,NA,ITT Ratings,2,not for,6,NA,NA,NA,NA,ACCEPT,NA,NA,NA,NA,NA,six_Nv,six_Nv,54,15,1,Screen 1,continueButton,response_rating_scale_likert_active,6671,NA,NA,Agree,1,0,1,0,NA,NA,NA,NA,1,statements,"Meat and fish are, besides good, delicious",1,28/02/2022 18:40,28/02/2022 18:48,R_PtGnt0z7WjmCXfj,YES,No,Confident,Somewhat Agree,NA,Disagree,Disagree,Disagree,NA,NA,NA,Disagree,Disagree,Disagree,NA,NA,NA,Never,Rarely,65,Male,NA,"Postgraduate degree (MSc, MA, MPhil)",Thanks: interesting,59,3,Against,Against
18,1647366631868,15/03/2022 17:50:31,1647366631519,2,15/03/2022 19:50:31,81666,6,task-iytf,NA,20415360,6056043,NA,complete,NA,6230d0928fd4849c70acd4a0,computer,Desktop or Laptop,Windows 10,Chrome 99.0.4844.51,1536x864,1519x722,NA,ITT Ratings,2,not for,6,NA,NA,NA,NA,ACCEPT,NA,NA,NA,NA,NA,six_Nv,six_Nv,38,16,1,Screen 1,continueButton,response_rating_scale_likert_active,5410.300000011921,NA,NA,Neither Agree nor Disagree,1,0,1,0,NA,NA,NA,NA,1,statements,to save the environment,1,28/02/2022 18:39,28/02/2022 18:48,R_2c7rpJX9PfYq6AU,YES,No,Very confident,Agree,NA,Disagree,Disagree,Disagree,NA,NA,NA,Strongly Disagree,Strongly Disagree,Strongly Disagree,NA,NA,NA,Rarely,Never,21,Male,NA,GCSEs,NA,56,2,Against,For
19,1647366637837,15/03/2022 17:50:37,1647366637305,2,15/03/2022 19:50:37,81666,6,task-iytf,NA,20415360,6056043,NA,complete,NA,6230d0928fd4849c70acd4a0,computer,Desktop or Laptop,Windows 10,Chrome 99.0.4844.51,1536x864,1519x722,NA,ITT Ratings,2,not for,6,NA,NA,NA,NA,ACCEPT,NA,NA,NA,NA,NA,six_Nv,six_Nv,62,17,1,Screen 1,continueButton,response_rating_scale_likert_active,5774,NA,NA,Somewhat Agree,1,0,1,0,NA,NA,NA,NA,1,statements,I am happy and feel better,1,28/02/2022 18:40,28/02/2022 18:49,R_xgsVgnBpm54iZH3,YES,No,Somewhat Confident,Agree,NA,Disagree,Disagree,Disagree,NA,NA,NA,Strongly Disagree,Disagree,Disagree,NA,NA,NA,Once or twice a year,A few times a year,26,Female,NA,"Postgraduate degree (MSc, MA, MPhil)",NA,60,2,Against,For
20,1647366647275,15/03/2022 17:50:47,1647366646738,2,15/03/2022 19:50:46,81666,6,task-iytf,NA,20415360,6056043,NA,complete,NA,6230d0928fd4849c70acd4a0,computer,Desktop or Laptop,Windows 10,Chrome 99.0.4844.51,1536x864,1519x722,NA,ITT Ratings,2,not for,6,NA,NA,NA,NA,ACCEPT,NA,NA,NA,NA,NA,six_Nv,six_Nv,19,18,1,Screen 1,continueButton,response_rating_scale_likert_active,9421.30000001192,NA,NA,Disagree,1,0,1,0,NA,NA,NA,NA,1,statements,environment reason because of the water than is needed to make a steak for example,1,28/02/2022 18:40,28/02/2022 18:47,R_3HH0zz0lyXeljia,YES,No,Somewhat Confident,Agree,NA,Disagree,Disagree,Disagree,NA,NA,NA,Strongly Disagree,Strongly Disagree,Strongly Disagree,NA,NA,NA,Rarely,A few times a year,24,Female,NA,"Undergraduate degree (BSc, BA)",NA,53,1,Against,For
21,1647366654968,15/03/2022 17:50:54,1647366654441,2,15/03/2022 19:50:54,81666,6,task-iytf,NA,20415360,6056043,NA,complete,NA,6230d0928fd4849c70acd4a0,computer,Desktop or Laptop,Windows 10,Chrome 99.0.4844.51,1536x864,1519x722,NA,ITT Ratings,2,not for,6,NA,NA,NA,NA,ACCEPT,NA,NA,NA,NA,NA,six_Nv,six_Nv,3,19,1,Screen 1,continueButton,response_rating_scale_likert_active,7684.800000011921,NA,NA,Somewhat Disagree,1,0,1,0,NA,NA,NA,NA,1,statements,We would like to check you are reading each argument carefully. Please select “Somewhat Disagree” for this answer,1,NA,NA,NA,NA,NA,NA,NA,NA,NA,NA,NA,NA,NA,NA,NA,NA,NA,NA,NA,NA,NA,NA,NA,NA,NA,NA,NA,NA,check2,NA,NA
22,1647366660578,15/03/2022 17:51:00,1647366660308,2,15/03/2022 19:51:00,81666,6,task-iytf,NA,20415360,6056043,NA,complete,NA,6230d0928fd4849c70acd4a0,computer,Desktop or Laptop,Windows 10,Chrome 99.0.4844.51,1536x864,1519x722,NA,ITT Ratings,2,not for,6,NA,NA,NA,NA,ACCEPT,NA,NA,NA,NA,NA,six_Nv,six_Nv,58,20,1,Screen 1,continueButton,response_rating_scale_likert_active,5856.699999988079,NA,NA,Neither Agree nor Disagree,1,0,1,0,NA,NA,NA,NA,1,statements,I dont believe in animal cruelty,1,28/02/2022 18:40,28/02/2022 18:49,R_xgsVgnBpm54iZH3,YES,No,Somewhat Confident,Agree,NA,Disagree,Disagree,Disagree,NA,NA,NA,Strongly Disagree,Disagree,Disagree,NA,NA,NA,Once or twice a year,A few times a year,26,Female,NA,"Postgraduate degree (MSc, MA, MPhil)",NA,60,1,Against,Against
23,1647366666702,15/03/2022 17:51:06,1647366666133,2,15/03/2022 19:51:06,81666,6,task-iytf,NA,20415360,6056043,NA,complete,NA,6230d0928fd4849c70acd4a0,computer,Desktop or Laptop,Windows 10,Chrome 99.0.4844.51,1536x864,1519x722,NA,ITT Ratings,2,not for,6,NA,NA,NA,NA,ACCEPT,NA,NA,NA,NA,NA,six_Nv,six_Nv,16,21,1,Screen 1,continueButton,response_rating_scale_likert_active,5815.399999976158,NA,NA,Strongly Agree,1,0,1,0,NA,NA,NA,NA,1,statements,I need some animal protein because of healthy reasons,1,28/02/2022 18:40,28/02/2022 18:47,R_3HH0zz0lyXeljia,YES,No,Somewhat Confident,Agree,NA,Disagree,Disagree,Disagree,NA,NA,NA,Strongly Disagree,Strongly Disagree,Strongly Disagree,NA,NA,NA,Rarely,A few times a year,24,Female,NA,"Undergraduate degree (BSc, BA)",NA,53,1,Against,Against
24,1647366672583,15/03/2022 17:51:12,1647366672041,2,15/03/2022 19:51:12,81666,6,task-iytf,NA,20415360,6056043,NA,complete,NA,6230d0928fd4849c70acd4a0,computer,Desktop or Laptop,Windows 10,Chrome 99.0.4844.51,1536x864,1519x722,NA,ITT Ratings,2,not for,6,NA,NA,NA,NA,ACCEPT,NA,NA,NA,NA,NA,six_Nv,six_Nv,12,22,1,Screen 1,continueButton,response_rating_scale_likert_active,5888.899999976158,NA,NA,Strongly Agree,1,0,1,0,NA,NA,NA,NA,1,statements,Eating meat from other living things is part of the food chain. It is the cycle of nature.,1,28/02/2022 18:40,28/02/2022 18:47,R_1GZfPQgDkYE3HV2,YES,No,Undecided,Somewhat Disagree,NA,Neither Agree nor Disagree,Agree,Somewhat Agree,NA,NA,NA,Strongly Disagree,Strongly Disagree,Strongly Disagree,NA,NA,NA,Rarely,Never,22,Male,NA,"Postgraduate degree (MSc, MA, MPhil)",NA,52,3,Against,Against
25,1647366676769,15/03/2022 17:51:16,1647366676504,2,15/03/2022 19:51:16,81666,6,task-iytf,NA,20415360,6056043,NA,complete,NA,6230d0928fd4849c70acd4a0,computer,Desktop or Laptop,Windows 10,Chrome 99.0.4844.51,1536x864,1519x722,NA,ITT Ratings,2,not for,6,NA,NA,NA,NA,ACCEPT,NA,NA,NA,NA,NA,six_Nv,six_Nv,14,23,1,Screen 1,continueButton,response_rating_scale_likert_active,4453.699999988079,NA,NA,Neither Agree nor Disagree,1,0,1,0,NA,NA,NA,NA,1,statements,I hate animal cruelty,1,28/02/2022 18:40,28/02/2022 18:47,R_1GZfPQgDkYE3HV2,YES,No,Undecided,Somewhat Disagree,NA,Neither Agree nor Disagree,Agree,Somewhat Agree,NA,NA,NA,Strongly Disagree,Strongly Disagree,Strongly Disagree,NA,NA,NA,Rarely,Never,22,Male,NA,"Postgraduate degree (MSc, MA, MPhil)",NA,52,2,Against,For
26,1647366685858,15/03/2022 17:51:25,1647366685188,2,15/03/2022 19:51:25,81666,6,task-iytf,NA,20415360,6056043,NA,complete,NA,6230d0928fd4849c70acd4a0,computer,Desktop or Laptop,Windows 10,Chrome 99.0.4844.51,1536x864,1519x722,NA,ITT Ratings,2,not for,6,NA,NA,NA,NA,ACCEPT,NA,NA,NA,NA,NA,six_Nv,six_Nv,10,24,1,Screen 1,continueButton,response_rating_scale_likert_active,8673.100000023842,NA,NA,Neither Agree nor Disagree,1,0,1,0,NA,NA,NA,NA,1,statements,I like food produced or derived from animals; it's tasty.,1,28/02/2022 18:40,28/02/2022 18:47,R_1GZfPQgDkYE3HV2,YES,No,Undecided,Somewhat Disagree,NA,Neither Agree nor Disagree,Agree,Somewhat Agree,NA,NA,NA,Strongly Disagree,Strongly Disagree,Strongly Disagree,NA,NA,NA,Rarely,Never,22,Male,NA,"Postgraduate degree (MSc, MA, MPhil)",NA,52,1,Against,Against
27,1647366695735,15/03/2022 17:51:35,1647366695166,2,15/03/2022 19:51:35,81666,6,task-iytf,NA,20415360,6056043,NA,complete,NA,6230d0928fd4849c70acd4a0,computer,Desktop or Laptop,Windows 10,Chrome 99.0.4844.51,1536x864,1519x722,NA,ITT Ratings,2,not for,6,NA,NA,NA,NA,ACCEPT,NA,NA,NA,NA,NA,six_Nv,six_Nv,45,25,1,Screen 1,continueButton,response_rating_scale_likert_active,9964.5,NA,NA,Strongly Disagree,1,0,1,0,NA,NA,NA,NA,1,statements,I hate all people who eat meat. Try not to eat meat but vegetables.,1,28/02/2022 18:39,28/02/2022 18:48,R_3mdzgjP8i6dxsHf,YES,No,Very Doubtful,Somewhat Agree,NA,Disagree,Disagree,Disagree,NA,NA,NA,Somewhat Agree,Somewhat Disagree,Neither Agree nor Disagree,NA,NA,NA,A few times a year,Rarely,22,Male,NA,"Postgraduate degree (MSc, MA, MPhil)",NA,57,3,Against,For
28,1647366705549,15/03/2022 17:51:45,1647366705005,2,15/03/2022 19:51:45,81666,6,task-iytf,NA,20415360,6056043,NA,complete,NA,6230d0928fd4849c70acd4a0,computer,Desktop or Laptop,Windows 10,Chrome 99.0.4844.51,1536x864,1519x722,NA,ITT Ratings,2,not for,6,NA,NA,NA,NA,ACCEPT,NA,NA,NA,NA,NA,six_Nv,six_Nv,9,26,1,Screen 1,continueButton,response_rating_scale_likert_active,9828.599999964235,NA,NA,Somewhat Disagree,1,0,1,0,NA,NA,NA,NA,1,statements,I can not suffer diseases related to the consumption of meats,1,28/02/2022 18:39,28/02/2022 18:47,R_3iX4qtXiE2yaRUy,YES,No,Very confident,Somewhat Agree,NA,Strongly Disagree,Strongly Disagree,Strongly Disagree,NA,NA,NA,Strongly Disagree,Strongly Disagree,Strongly Disagree,NA,NA,NA,A few times a year,A few times a year,22,Male,NA,Vocational Training / Apprenticeship,NA,51,3,Against,For
29,1647366710878,15/03/2022 17:51:50,1647366710598,2,15/03/2022 19:51:50,81666,6,task-iytf,NA,20415360,6056043,NA,complete,NA,6230d0928fd4849c70acd4a0,computer,Desktop or Laptop,Windows 10,Chrome 99.0.4844.51,1536x864,1519x722,NA,ITT Ratings,2,not for,6,NA,NA,NA,NA,ACCEPT,NA,NA,NA,NA,NA,six_Nv,six_Nv,18,27,1,Screen 1,continueButton,response_rating_scale_likert_active,5576.5,NA,NA,Disagree,1,0,1,0,NA,NA,NA,NA,1,statements,Just don't care about the animal suffering,1,28/02/2022 18:40,28/02/2022 18:47,R_3HH0zz0lyXeljia,YES,No,Somewhat Confident,Agree,NA,Disagree,Disagree,Disagree,NA,NA,NA,Strongly Disagree,Strongly Disagree,Strongly Disagree,NA,NA,NA,Rarely,A few times a year,24,Female,NA,"Undergraduate degree (BSc, BA)",NA,53,3,Against,Against
30,1647366715174,15/03/2022 17:51:55,1647366714592,2,15/03/2022 19:51:54,81666,6,task-iytf,NA,20415360,6056043,NA,complete,NA,6230d0928fd4849c70acd4a0,computer,Desktop or Laptop,Windows 10,Chrome 99.0.4844.51,1536x864,1519x722,NA,ITT Ratings,2,not for,6,NA,NA,NA,NA,ACCEPT,NA,NA,NA,NA,NA,six_Nv,six_Nv,34,28,1,Screen 1,continueButton,response_rating_scale_likert_active,3981.900000035763,NA,NA,Strongly Agree,1,0,1,0,NA,NA,NA,NA,1,statements,meat/fish tastes good,1,28/02/2022 18:39,28/02/2022 18:48,R_2c7rpJX9PfYq6AU,YES,No,Very confident,Agree,NA,Disagree,Disagree,Disagree,NA,NA,NA,Strongly Disagree,Strongly Disagree,Strongly Disagree,NA,NA,NA,Rarely,Never,21,Male,NA,GCSEs,NA,56,1,Against,Against
31,1647366719534,15/03/2022 17:51:59,1647366719208,2,15/03/2022 19:51:59,81666,6,task-iytf,NA,20415360,6056043,NA,complete,NA,6230d0928fd4849c70acd4a0,computer,Desktop or Laptop,Windows 10,Chrome 99.0.4844.51,1536x864,1519x722,NA,ITT Ratings,2,not for,6,NA,NA,NA,NA,ACCEPT,NA,NA,NA,NA,NA,six_Nv,six_Nv,28,29,1,Screen 1,continueButton,response_rating_scale_likert_active,4602.200000047684,NA,NA,Strongly Agree,1,0,1,0,NA,NA,NA,NA,1,statements,meat and animals support a lot of vitamins and are good for your body,1,28/02/2022 18:38,28/02/2022 18:48,R_9Hc3SVhVrkcJWLf,YES,No,Somewhat Confident,Agree,NA,Strongly Disagree,Strongly Disagree,Strongly Disagree,NA,NA,NA,Strongly Disagree,Strongly Disagree,Strongly Disagree,NA,NA,NA,Rarely,A few times a year,25,Female,NA,"Postgraduate degree (MSc, MA, MPhil)",NA,55,1,Against,Against
32,1647366728879,15/03/2022 17:52:08,1647366728265,2,15/03/2022 19:52:08,81666,6,task-iytf,NA,20415360,6056043,NA,complete,NA,6230d0928fd4849c70acd4a0,computer,Desktop or Laptop,Windows 10,Chrome 99.0.4844.51,1536x864,1519x722,NA,ITT Ratings,2,not for,6,NA,NA,NA,NA,ACCEPT,NA,NA,NA,NA,NA,six_Nv,six_Nv,6,30,1,Screen 1,continueButton,response_rating_scale_likert_active,9047.100000023842,NA,NA,Agree,1,0,1,0,NA,NA,NA,NA,1,statements,you can suffer from other diseases that arise from the lack of certain properties that you only get with meat,1,28/02/2022 18:39,28/02/2022 18:47,R_3iX4qtXiE2yaRUy,YES,No,Very confident,Somewhat Agree,NA,Strongly Disagree,Strongly Disagree,Strongly Disagree,NA,NA,NA,Strongly Disagree,Strongly Disagree,Strongly Disagree,NA,NA,NA,A few times a year,A few times a year,22,Male,NA,Vocational Training / Apprenticeship,NA,51,3,Against,Against
33,1647366734693,15/03/2022 17:52:14,1647366734160,2,15/03/2022 19:52:14,81666,6,task-iytf,NA,20415360,6056043,NA,complete,NA,6230d0928fd4849c70acd4a0,computer,Desktop or Laptop,Windows 10,Chrome 99.0.4844.51,1536x864,1519x722,NA,ITT Ratings,2,not for,6,NA,NA,NA,NA,ACCEPT,NA,NA,NA,NA,NA,six_Nv,six_Nv,63,31,1,Screen 1,continueButton,response_rating_scale_likert_active,5880.600000023842,NA,NA,Somewhat Agree,1,0,1,0,NA,NA,NA,NA,1,statements,"Its healthier the vegan food, less processed food more natural",1,28/02/2022 18:40,28/02/2022 18:49,R_xgsVgnBpm54iZH3,YES,No,Somewhat Confident,Agree,NA,Disagree,Disagree,Disagree,NA,NA,NA,Strongly Disagree,Disagree,Disagree,NA,NA,NA,Once or twice a year,A few times a year,26,Female,NA,"Postgraduate degree (MSc, MA, MPhil)",NA,60,3,Against,For
34,1647366744947,15/03/2022 17:52:24,1647366744372,2,15/03/2022 19:52:24,81666,6,task-iytf,NA,20415360,6056043,NA,complete,NA,6230d0928fd4849c70acd4a0,computer,Desktop or Laptop,Windows 10,Chrome 99.0.4844.51,1536x864,1519x722,NA,ITT Ratings,2,not for,6,NA,NA,NA,NA,ACCEPT,NA,NA,NA,NA,NA,six_Nv,six_Nv,32,32,1,Screen 1,continueButton,response_rating_scale_likert_active,10202.100000023842,NA,NA,Somewhat Agree,1,0,1,0,NA,NA,NA,NA,1,statements,"healthier than eating animals, because they contain stuff that we dont even know, on the other part vegetables, fruits and vegan food are clear in their ingredients",1,28/02/2022 18:38,28/02/2022 18:48,R_9Hc3SVhVrkcJWLf,YES,No,Somewhat Confident,Agree,NA,Strongly Disagree,Strongly Disagree,Strongly Disagree,NA,NA,NA,Strongly Disagree,Strongly Disagree,Strongly Disagree,NA,NA,NA,Rarely,A few times a year,25,Female,NA,"Postgraduate degree (MSc, MA, MPhil)",NA,55,2,Against,For
35,1647366751232,15/03/2022 17:52:31,1647366750945,2,15/03/2022 19:52:30,81666,6,task-iytf,NA,20415360,6056043,NA,complete,NA,6230d0928fd4849c70acd4a0,computer,Desktop or Laptop,Windows 10,Chrome 99.0.4844.51,1536x864,1519x722,NA,ITT Ratings,2,not for,6,NA,NA,NA,NA,ACCEPT,NA,NA,NA,NA,NA,six_Nv,six_Nv,47,33,1,Screen 1,continueButton,response_rating_scale_likert_active,6565.300000011921,NA,NA,Agree,1,0,1,0,NA,NA,NA,NA,1,statements,I will develop a protein deficiency if Ido not eat meat.,1,28/02/2022 18:39,28/02/2022 18:48,R_pgU8VMzPAuo2dFv,YES,No,Somewhat doubtful,Agree,NA,Strongly Disagree,Strongly Disagree,Strongly Disagree,NA,NA,NA,Strongly Disagree,Strongly Disagree,Strongly Disagree,NA,NA,NA,Rarely,Once or twice a year,24,Female,NA,"Undergraduate degree (BSc, BA)",NA,58,2,Against,Against
36,1647366763844,15/03/2022 17:52:43,1647366763246,2,15/03/2022 19:52:43,81666,6,task-iytf,NA,20415360,6056043,NA,complete,NA,6230d0928fd4849c70acd4a0,computer,Desktop or Laptop,Windows 10,Chrome 99.0.4844.51,1536x864,1519x722,NA,ITT Ratings,2,not for,6,NA,NA,NA,NA,ACCEPT,NA,NA,NA,NA,NA,six_Nv,six_Nv,15,34,1,Screen 1,continueButton,response_rating_scale_likert_active,12291,NA,NA,Somewhat Agree,1,0,1,0,NA,NA,NA,NA,1,statements,"The human can ""survive"" without animal-obtained food",1,28/02/2022 18:40,28/02/2022 18:47,R_1GZfPQgDkYE3HV2,YES,No,Undecided,Somewhat Disagree,NA,Neither Agree nor Disagree,Agree,Somewhat Agree,NA,NA,NA,Strongly Disagree,Strongly Disagree,Strongly Disagree,NA,NA,NA,Rarely,Never,22,Male,NA,"Postgraduate degree (MSc, MA, MPhil)",NA,52,3,Against,For
37,1647366769707,15/03/2022 17:52:49,1647366769444,2,15/03/2022 19:52:49,81666,6,task-iytf,NA,20415360,6056043,NA,complete,NA,6230d0928fd4849c70acd4a0,computer,Desktop or Laptop,Windows 10,Chrome 99.0.4844.51,1536x864,1519x722,NA,ITT Ratings,2,not for,6,NA,NA,NA,NA,ACCEPT,NA,NA,NA,NA,NA,six_Nv,six_Nv,5,35,1,Screen 1,continueButton,response_rating_scale_likert_active,6188.699999988079,NA,NA,Strongly Agree,1,0,1,0,NA,NA,NA,NA,1,statements,"You can contribute in other ways to caring for the environment, and that can contribute more.",1,28/02/2022 18:39,28/02/2022 18:47,R_3iX4qtXiE2yaRUy,YES,No,Very confident,Somewhat Agree,NA,Strongly Disagree,Strongly Disagree,Strongly Disagree,NA,NA,NA,Strongly Disagree,Strongly Disagree,Strongly Disagree,NA,NA,NA,A few times a year,A few times a year,22,Male,NA,Vocational Training / Apprenticeship,NA,51,2,Against,Against
38,1647366781686,15/03/2022 17:53:01,1647366781150,2,15/03/2022 19:53:01,81666,6,task-iytf,NA,20415360,6056043,NA,complete,NA,6230d0928fd4849c70acd4a0,computer,Desktop or Laptop,Windows 10,Chrome 99.0.4844.51,1536x864,1519x722,NA,ITT Ratings,2,not for,6,NA,NA,NA,NA,ACCEPT,NA,NA,NA,NA,NA,six_Nv,six_Nv,33,36,1,Screen 1,continueButton,response_rating_scale_likert_active,11697.400000035765,NA,NA,Neither Agree nor Disagree,1,0,1,0,NA,NA,NA,NA,1,statements,"more pros than cons, in the health, mental and physical part",1,28/02/2022 18:38,28/02/2022 18:48,R_9Hc3SVhVrkcJWLf,YES,No,Somewhat Confident,Agree,NA,Strongly Disagree,Strongly Disagree,Strongly Disagree,NA,NA,NA,Strongly Disagree,Strongly Disagree,Strongly Disagree,NA,NA,NA,Rarely,A few times a year,25,Female,NA,"Postgraduate degree (MSc, MA, MPhil)",NA,55,3,Against,For
39,1647366790328,15/03/2022 17:53:10,1647366789767,2,15/03/2022 19:53:09,81666,6,task-iytf,NA,20415360,6056043,NA,complete,NA,6230d0928fd4849c70acd4a0,computer,Desktop or Laptop,Windows 10,Chrome 99.0.4844.51,1536x864,1519x722,NA,ITT Ratings,2,not for,6,NA,NA,NA,NA,ACCEPT,NA,NA,NA,NA,NA,six_Nv,six_Nv,11,37,1,Screen 1,continueButton,response_rating_scale_likert_active,8607.100000023842,NA,NA,Agree,1,0,1,0,NA,NA,NA,NA,1,statements,Meat and other foods that are derived from animals have a huge benefit for our bodies. Organic food can't supply the nutrients that animal-derived food provides,1,28/02/2022 18:40,28/02/2022 18:47,R_1GZfPQgDkYE3HV2,YES,No,Undecided,Somewhat Disagree,NA,Neither Agree nor Disagree,Agree,Somewhat Agree,NA,NA,NA,Strongly Disagree,Strongly Disagree,Strongly Disagree,NA,NA,NA,Rarely,Never,22,Male,NA,"Postgraduate degree (MSc, MA, MPhil)",NA,52,2,Against,Against
40,1647366795207,15/03/2022 17:53:15,1647366794661,2,15/03/2022 19:53:14,81666,6,task-iytf,NA,20415360,6056043,NA,complete,NA,6230d0928fd4849c70acd4a0,computer,Desktop or Laptop,Windows 10,Chrome 99.0.4844.51,1536x864,1519x722,NA,ITT Ratings,2,not for,6,NA,NA,NA,NA,ACCEPT,NA,NA,NA,NA,NA,six_Nv,six_Nv,29,38,1,Screen 1,continueButton,response_rating_scale_likert_active,4880.899999976158,NA,NA,Agree,1,0,1,0,NA,NA,NA,NA,1,statements,"the levels of energy that apports to your body, eating animals are really good cientific approved",1,28/02/2022 18:38,28/02/2022 18:48,R_9Hc3SVhVrkcJWLf,YES,No,Somewhat Confident,Agree,NA,Strongly Disagree,Strongly Disagree,Strongly Disagree,NA,NA,NA,Strongly Disagree,Strongly Disagree,Strongly Disagree,NA,NA,NA,Rarely,A few times a year,25,Female,NA,"Postgraduate degree (MSc, MA, MPhil)",NA,55,2,Against,Against
41,1647366803865,15/03/2022 17:53:23,1647366803288,2,15/03/2022 19:53:23,81666,6,task-iytf,NA,20415360,6056043,NA,complete,NA,6230d0928fd4849c70acd4a0,computer,Desktop or Laptop,Windows 10,Chrome 99.0.4844.51,1536x864,1519x722,NA,ITT Ratings,2,not for,6,NA,NA,NA,NA,ACCEPT,NA,NA,NA,NA,NA,six_Nv,six_Nv,57,39,1,Screen 1,continueButton,response_rating_scale_likert_active,8619.100000023842,NA,NA,Neither Agree nor Disagree,1,0,1,0,NA,NA,NA,NA,1,statements,I have no number three reason: those two are all reasons,1,28/02/2022 18:40,28/02/2022 18:48,R_PtGnt0z7WjmCXfj,YES,No,Confident,Somewhat Agree,NA,Disagree,Disagree,Disagree,NA,NA,NA,Disagree,Disagree,Disagree,NA,NA,NA,Never,Rarely,65,Male,NA,"Postgraduate degree (MSc, MA, MPhil)",Thanks: interesting,59,3,Against,For
42,1647366813917,15/03/2022 17:53:33,1647366812902,2,15/03/2022 19:53:32,81666,6,task-iytf,NA,20415360,6056043,NA,complete,NA,6230d0928fd4849c70acd4a0,computer,Desktop or Laptop,Windows 10,Chrome 99.0.4844.51,1536x864,1519x722,NA,ITT Ratings,2,not for,6,NA,NA,NA,NA,ACCEPT,NA,NA,NA,NA,NA,six_Nv,six_Nv,21,40,1,Screen 1,continueButton,response_rating_scale_likert_active,9605.19999998808,NA,NA,Neither Agree nor Disagree,1,0,1,0,NA,NA,NA,NA,1,statements,the fact of the animals suffer when they die to make food for humans,1,28/02/2022 18:40,28/02/2022 18:47,R_3HH0zz0lyXeljia,YES,No,Somewhat Confident,Agree,NA,Disagree,Disagree,Disagree,NA,NA,NA,Strongly Disagree,Strongly Disagree,Strongly Disagree,NA,NA,NA,Rarely,A few times a year,24,Female,NA,"Undergraduate degree (BSc, BA)",NA,53,3,Against,For
43,1647366818651,15/03/2022 17:53:38,1647366818357,2,15/03/2022 19:53:38,81666,6,task-iytf,NA,20415360,6056043,NA,complete,NA,6230d0928fd4849c70acd4a0,computer,Desktop or Laptop,Windows 10,Chrome 99.0.4844.51,1536x864,1519x722,NA,ITT Ratings,2,not for,6,NA,NA,NA,NA,ACCEPT,NA,NA,NA,NA,NA,six_Nv,six_Nv,8,41,1,Screen 1,continueButton,response_rating_scale_likert_active,5440.600000023842,NA,NA,Somewhat Agree,1,0,1,0,NA,NA,NA,NA,1,statements,I help the environment,1,28/02/2022 18:39,28/02/2022 18:47,R_3iX4qtXiE2yaRUy,YES,No,Very confident,Somewhat Agree,NA,Strongly Disagree,Strongly Disagree,Strongly Disagree,NA,NA,NA,Strongly Disagree,Strongly Disagree,Strongly Disagree,NA,NA,NA,A few times a year,A few times a year,22,Male,NA,Vocational Training / Apprenticeship,NA,51,2,Against,For
44,1647366826953,15/03/2022 17:53:46,1647366826433,2,15/03/2022 19:53:46,81666,6,task-iytf,NA,20415360,6056043,NA,complete,NA,6230d0928fd4849c70acd4a0,computer,Desktop or Laptop,Windows 10,Chrome 99.0.4844.51,1536x864,1519x722,NA,ITT Ratings,2,not for,6,NA,NA,NA,NA,ACCEPT,NA,NA,NA,NA,NA,six_Nv,six_Nv,22,42,1,Screen 1,continueButton,response_rating_scale_likert_active,8065.599999964237,NA,NA,Somewhat Agree,1,0,1,0,NA,NA,NA,NA,1,statements,I enjoy eating animal products and I don't intend on stopping,1,28/02/2022 18:39,28/02/2022 18:47,R_2bZcijXOUQBstz6,YES,No,Undecided,Agree,NA,Strongly Disagree,Strongly Disagree,Strongly Disagree,NA,NA,NA,Strongly Disagree,Strongly Disagree,Strongly Disagree,NA,NA,NA,Once or twice a year,Most months,24,Female,NA,A levels,NA,54,1,Against,Against
45,1647366837858,15/03/2022 17:53:57,1647366837311,2,15/03/2022 19:53:57,81666,6,task-iytf,NA,20415360,6056043,NA,complete,NA,6230d0928fd4849c70acd4a0,computer,Desktop or Laptop,Windows 10,Chrome 99.0.4844.51,1536x864,1519x722,NA,ITT Ratings,2,not for,6,NA,NA,NA,NA,ACCEPT,NA,NA,NA,NA,NA,six_Nv,six_Nv,30,43,1,Screen 1,continueButton,response_rating_scale_likert_active,10868.099999964235,NA,NA,Somewhat Disagree,1,0,1,0,NA,NA,NA,NA,1,statements,that you have to take supplements in a egan diet because you wont find the necessary nutrients in plants,1,28/02/2022 18:38,28/02/2022 18:48,R_9Hc3SVhVrkcJWLf,YES,No,Somewhat Confident,Agree,NA,Strongly Disagree,Strongly Disagree,Strongly Disagree,NA,NA,NA,Strongly Disagree,Strongly Disagree,Strongly Disagree,NA,NA,NA,Rarely,A few times a year,25,Female,NA,"Postgraduate degree (MSc, MA, MPhil)",NA,55,3,Against,Against
46,1647366846578,15/03/2022 17:54:06,1647366845911,2,15/03/2022 19:54:05,81666,6,task-iytf,NA,20415360,6056043,NA,complete,NA,6230d0928fd4849c70acd4a0,computer,Desktop or Laptop,Windows 10,Chrome 99.0.4844.51,1536x864,1519x722,NA,ITT Ratings,2,not for,6,NA,NA,NA,NA,ACCEPT,NA,NA,NA,NA,NA,six_Nv,six_Nv,26,44,1,Screen 1,continueButton,response_rating_scale_likert_active,8589.600000023842,NA,NA,Neither Agree nor Disagree,1,0,1,0,NA,NA,NA,NA,1,statements,Intensive farming is harmful to the environment,1,28/02/2022 18:39,28/02/2022 18:47,R_2bZcijXOUQBstz6,YES,No,Undecided,Agree,NA,Strongly Disagree,Strongly Disagree,Strongly Disagree,NA,NA,NA,Strongly Disagree,Strongly Disagree,Strongly Disagree,NA,NA,NA,Once or twice a year,Most months,24,Female,NA,A levels,NA,54,2,Against,For
47,1647366851980,15/03/2022 17:54:11,1647366851699,2,15/03/2022 19:54:11,81666,6,task-iytf,NA,20415360,6056043,NA,complete,NA,6230d0928fd4849c70acd4a0,computer,Desktop or Laptop,Windows 10,Chrome 99.0.4844.51,1536x864,1519x722,NA,ITT Ratings,2,not for,6,NA,NA,NA,NA,ACCEPT,NA,NA,NA,NA,NA,six_Nv,six_Nv,42,45,1,Screen 1,continueButton,response_rating_scale_likert_active,5773.399999976158,NA,NA,Agree,1,0,1,0,NA,NA,NA,NA,1,statements,Vegans are left out of many delicacies,1,28/02/2022 18:39,28/02/2022 18:48,R_3mdzgjP8i6dxsHf,YES,No,Very Doubtful,Somewhat Agree,NA,Disagree,Disagree,Disagree,NA,NA,NA,Somewhat Agree,Somewhat Disagree,Neither Agree nor Disagree,NA,NA,NA,A few times a year,Rarely,22,Male,NA,"Postgraduate degree (MSc, MA, MPhil)",NA,57,3,Against,Against
48,1647366856693,15/03/2022 17:54:16,1647366855459,2,15/03/2022 19:54:15,81666,6,task-iytf,NA,20415360,6056043,NA,complete,NA,6230d0928fd4849c70acd4a0,computer,Desktop or Laptop,Windows 10,Chrome 99.0.4844.51,1536x864,1519x722,NA,ITT Ratings,2,not for,6,NA,NA,NA,NA,ACCEPT,NA,NA,NA,NA,NA,six_Nv,six_Nv,46,46,1,Screen 1,continueButton,response_rating_scale_likert_active,3745.5,NA,NA,Strongly Agree,1,0,1,0,NA,NA,NA,NA,1,statements,I need vitamins and minerals that are part of a meat diet.,1,28/02/2022 18:39,28/02/2022 18:48,R_pgU8VMzPAuo2dFv,YES,No,Somewhat doubtful,Agree,NA,Strongly Disagree,Strongly Disagree,Strongly Disagree,NA,NA,NA,Strongly Disagree,Strongly Disagree,Strongly Disagree,NA,NA,NA,Rarely,Once or twice a year,24,Female,NA,"Undergraduate degree (BSc, BA)",NA,58,1,Against,Against
49,1647366859474,15/03/2022 17:54:19,1647366859205,2,15/03/2022 19:54:19,81666,6,task-iytf,NA,20415360,6056043,NA,complete,NA,6230d0928fd4849c70acd4a0,computer,Desktop or Laptop,Windows 10,Chrome 99.0.4844.51,1536x864,1519x722,NA,ITT Ratings,2,not for,6,NA,NA,NA,NA,ACCEPT,NA,NA,NA,NA,NA,six_Nv,six_Nv,2,47,1,Screen 1,continueButton,response_rating_scale_likert_active,3733.099999964237,NA,NA,Somewhat Agree,1,0,1,0,NA,NA,NA,NA,1,statements,We would like to check you are reading each argument carefully. Please select “Somewhat Agree” for this answer,1,NA,NA,NA,NA,NA,NA,NA,NA,NA,NA,NA,NA,NA,NA,NA,NA,NA,NA,NA,NA,NA,NA,NA,NA,NA,NA,NA,NA,check1,NA,NA
50,1647366863782,15/03/2022 17:54:23,1647366863266,2,15/03/2022 19:54:23,81666,6,task-iytf,NA,20415360,6056043,NA,complete,NA,6230d0928fd4849c70acd4a0,computer,Desktop or Laptop,Windows 10,Chrome 99.0.4844.51,1536x864,1519x722,NA,ITT Ratings,2,not for,6,NA,NA,NA,NA,ACCEPT,NA,NA,NA,NA,NA,six_Nv,six_Nv,27,48,1,Screen 1,continueButton,response_rating_scale_likert_active,4052.099999964237,NA,NA,Neither Agree nor Disagree,1,0,1,0,NA,NA,NA,NA,1,statements,A vegan diet is healthier,1,28/02/2022 18:39,28/02/2022 18:47,R_2bZcijXOUQBstz6,YES,No,Undecided,Agree,NA,Strongly Disagree,Strongly Disagree,Strongly Disagree,NA,NA,NA,Strongly Disagree,Strongly Disagree,Strongly Disagree,NA,NA,NA,Once or twice a year,Most months,24,Female,NA,A levels,NA,54,3,Against,For
51,1647366869719,15/03/2022 17:54:29,1647366869448,2,15/03/2022 19:54:29,81666,6,task-iytf,NA,20415360,6056043,NA,complete,NA,6230d0928fd4849c70acd4a0,computer,Desktop or Laptop,Windows 10,Chrome 99.0.4844.51,1536x864,1519x722,NA,ITT Ratings,2,not for,6,NA,NA,NA,NA,ACCEPT,NA,NA,NA,NA,NA,six_Nv,six_Nv,41,49,1,Screen 1,continueButton,response_rating_scale_likert_active,6162.699999988079,NA,NA,Somewhat Disagree,1,0,1,0,NA,NA,NA,NA,1,statements,How can someone live without meat?,1,28/02/2022 18:39,28/02/2022 18:48,R_3mdzgjP8i6dxsHf,YES,No,Very Doubtful,Somewhat Agree,NA,Disagree,Disagree,Disagree,NA,NA,NA,Somewhat Agree,Somewhat Disagree,Neither Agree nor Disagree,NA,NA,NA,A few times a year,Rarely,22,Male,NA,"Postgraduate degree (MSc, MA, MPhil)",NA,57,2,Against,Against
52,1647366872871,15/03/2022 17:54:32,1647366872340,2,15/03/2022 19:54:32,81666,6,task-iytf,NA,20415360,6056043,NA,complete,NA,6230d0928fd4849c70acd4a0,computer,Desktop or Laptop,Windows 10,Chrome 99.0.4844.51,1536x864,1519x722,NA,ITT Ratings,2,not for,6,NA,NA,NA,NA,ACCEPT,NA,NA,NA,NA,NA,six_Nv,six_Nv,52,50,1,Screen 1,continueButton,response_rating_scale_likert_active,2883.600000023842,NA,NA,Agree,1,0,1,0,NA,NA,NA,NA,1,statements,Meat and fish is good for your health,1,28/02/2022 18:40,28/02/2022 18:48,R_PtGnt0z7WjmCXfj,YES,No,Confident,Somewhat Agree,NA,Disagree,Disagree,Disagree,NA,NA,NA,Disagree,Disagree,Disagree,NA,NA,NA,Never,Rarely,65,Male,NA,"Postgraduate degree (MSc, MA, MPhil)",Thanks: interesting,59,1,Against,Against
53,1647366877033,15/03/2022 17:54:37,1647366876643,2,15/03/2022 19:54:36,81666,6,task-iytf,NA,20415360,6056043,NA,complete,NA,6230d0928fd4849c70acd4a0,computer,Desktop or Laptop,Windows 10,Chrome 99.0.4844.51,1536x864,1519x722,NA,ITT Ratings,2,not for,6,NA,NA,NA,NA,ACCEPT,NA,NA,NA,NA,NA,six_Nv,six_Nv,53,51,1,Screen 1,continueButton,response_rating_scale_likert_active,4294,NA,NA,Strongly Agree,1,0,1,0,NA,NA,NA,NA,1,statements,"Eating meat and fish are in our genes, in our culture",1,28/02/2022 18:40,28/02/2022 18:48,R_PtGnt0z7WjmCXfj,YES,No,Confident,Somewhat Agree,NA,Disagree,Disagree,Disagree,NA,NA,NA,Disagree,Disagree,Disagree,NA,NA,NA,Never,Rarely,65,Male,NA,"Postgraduate degree (MSc, MA, MPhil)",Thanks: interesting,59,2,Against,Against
54,1647366882344,15/03/2022 17:54:42,1647366882065,2,15/03/2022 19:54:42,81666,6,task-iytf,NA,20415360,6056043,NA,complete,NA,6230d0928fd4849c70acd4a0,computer,Desktop or Laptop,Windows 10,Chrome 99.0.4844.51,1536x864,1519x722,NA,ITT Ratings,2,not for,6,NA,NA,NA,NA,ACCEPT,NA,NA,NA,NA,NA,six_Nv,six_Nv,36,52,1,Screen 1,continueButton,response_rating_scale_likert_active,5412.800000011921,NA,NA,Disagree,1,0,1,0,NA,NA,NA,NA,1,statements,can't have a vegan diet due to health problems,1,28/02/2022 18:39,28/02/2022 18:48,R_2c7rpJX9PfYq6AU,YES,No,Very confident,Agree,NA,Disagree,Disagree,Disagree,NA,NA,NA,Strongly Disagree,Strongly Disagree,Strongly Disagree,NA,NA,NA,Rarely,Never,21,Male,NA,GCSEs,NA,56,3,Against,Against
55,1647366887265,15/03/2022 17:54:47,1647366886712,2,15/03/2022 19:54:46,81666,6,task-iytf,NA,20415360,6056043,NA,complete,NA,6230d0928fd4849c70acd4a0,computer,Desktop or Laptop,Windows 10,Chrome 99.0.4844.51,1536x864,1519x722,NA,ITT Ratings,2,not for,6,NA,NA,NA,NA,ACCEPT,NA,NA,NA,NA,NA,six_Nv,six_Nv,24,53,1,Screen 1,continueButton,response_rating_scale_likert_active,4638.399999976158,NA,NA,Somewhat Agree,1,0,1,0,NA,NA,NA,NA,1,statements,Humans are omnivores,1,28/02/2022 18:39,28/02/2022 18:47,R_2bZcijXOUQBstz6,YES,No,Undecided,Agree,NA,Strongly Disagree,Strongly Disagree,Strongly Disagree,NA,NA,NA,Strongly Disagree,Strongly Disagree,Strongly Disagree,NA,NA,NA,Once or twice a year,Most months,24,Female,NA,A levels,NA,54,3,Against,Against
56,1647366890499,15/03/2022 17:54:50,1647366890219,2,15/03/2022 19:54:50,81666,6,task-iytf,NA,20415360,6056043,NA,complete,NA,6230d0928fd4849c70acd4a0,computer,Desktop or Laptop,Windows 10,Chrome 99.0.4844.51,1536x864,1519x722,NA,ITT Ratings,2,not for,6,NA,NA,NA,NA,ACCEPT,NA,NA,NA,NA,NA,six_Nv,six_Nv,60,54,1,Screen 1,continueButton,response_rating_scale_likert_active,3496.100000023842,NA,NA,Strongly Disagree,1,0,1,0,NA,NA,NA,NA,1,statements,I am not a good person,1,28/02/2022 18:40,28/02/2022 18:49,R_xgsVgnBpm54iZH3,YES,No,Somewhat Confident,Agree,NA,Disagree,Disagree,Disagree,NA,NA,NA,Strongly Disagree,Disagree,Disagree,NA,NA,NA,Once or twice a year,A few times a year,26,Female,NA,"Postgraduate degree (MSc, MA, MPhil)",NA,60,3,Against,Against
57,1647366898644,15/03/2022 17:54:58,1647366898111,2,15/03/2022 19:54:58,81666,6,task-iytf,NA,20415360,6056043,NA,complete,NA,6230d0928fd4849c70acd4a0,computer,Desktop or Laptop,Windows 10,Chrome 99.0.4844.51,1536x864,1519x722,NA,ITT Ratings,2,not for,6,NA,NA,NA,NA,ACCEPT,NA,NA,NA,NA,NA,six_Nv,six_Nv,40,55,1,Screen 1,continueButton,response_rating_scale_likert_active,7883.5,NA,NA,Disagree,1,0,1,0,NA,NA,NA,NA,1,statements,This meat is so delicious it must be made from deer.,1,28/02/2022 18:39,28/02/2022 18:48,R_3mdzgjP8i6dxsHf,YES,No,Very Doubtful,Somewhat Agree,NA,Disagree,Disagree,Disagree,NA,NA,NA,Somewhat Agree,Somewhat Disagree,Neither Agree nor Disagree,NA,NA,NA,A few times a year,Rarely,22,Male,NA,"Postgraduate degree (MSc, MA, MPhil)",NA,57,1,Against,Against
58,1647366911350,15/03/2022 17:55:11,1647366910789,2,15/03/2022 19:55:10,81666,6,task-iytf,NA,20415360,6056043,NA,complete,NA,6230d0928fd4849c70acd4a0,computer,Desktop or Laptop,Windows 10,Chrome 99.0.4844.51,1536x864,1519x722,NA,ITT Ratings,2,not for,6,NA,NA,NA,NA,ACCEPT,NA,NA,NA,NA,NA,six_Nv,six_Nv,7,56,1,Screen 1,continueButton,response_rating_scale_likert_active,12668.399999976158,NA,NA,Somewhat Disagree,1,0,1,0,NA,NA,NA,NA,1,statements,So animals do not suffer the treatment they are given when they are for human consumption,1,28/02/2022 18:39,28/02/2022 18:47,R_3iX4qtXiE2yaRUy,YES,No,Very confident,Somewhat Agree,NA,Strongly Disagree,Strongly Disagree,Strongly Disagree,NA,NA,NA,Strongly Disagree,Strongly Disagree,Strongly Disagree,NA,NA,NA,A few times a year,A few times a year,22,Male,NA,Vocational Training / Apprenticeship,NA,51,1,Against,For
59,1647366920897,15/03/2022 17:55:20,1647366920633,2,15/03/2022 19:55:20,81666,6,task-iytf,NA,20415360,6056043,NA,complete,NA,6230d0928fd4849c70acd4a0,computer,Desktop or Laptop,Windows 10,Chrome 99.0.4844.51,1536x864,1519x722,NA,ITT Ratings,2,not for,6,NA,NA,NA,NA,ACCEPT,NA,NA,NA,NA,NA,six_Nv,six_Nv,43,57,1,Screen 1,continueButton,response_rating_scale_likert_active,9832.600000023842,NA,NA,Somewhat Disagree,1,0,1,0,NA,NA,NA,NA,1,statements,Ew i hate meat. Poor animals cannot make sure they have suffered such a fate.,1,28/02/2022 18:39,28/02/2022 18:48,R_3mdzgjP8i6dxsHf,YES,No,Very Doubtful,Somewhat Agree,NA,Disagree,Disagree,Disagree,NA,NA,NA,Somewhat Agree,Somewhat Disagree,Neither Agree nor Disagree,NA,NA,NA,A few times a year,Rarely,22,Male,NA,"Postgraduate degree (MSc, MA, MPhil)",NA,57,1,Against,For
60,1647366925803,15/03/2022 17:55:25,1647366925190,2,15/03/2022 19:55:25,81666,6,task-iytf,NA,20415360,6056043,NA,complete,NA,6230d0928fd4849c70acd4a0,computer,Desktop or Laptop,Windows 10,Chrome 99.0.4844.51,1536x864,1519x722,NA,ITT Ratings,2,not for,6,NA,NA,NA,NA,ACCEPT,NA,NA,NA,NA,NA,six_Nv,six_Nv,39,58,1,Screen 1,continueButton,response_rating_scale_likert_active,4544,NA,NA,Disagree,1,0,1,0,NA,NA,NA,NA,1,statements,to stop the global warming,1,28/02/2022 18:39,28/02/2022 18:48,R_2c7rpJX9PfYq6AU,YES,No,Very confident,Agree,NA,Disagree,Disagree,Disagree,NA,NA,NA,Strongly Disagree,Strongly Disagree,Strongly Disagree,NA,NA,NA,Rarely,Never,21,Male,NA,GCSEs,NA,56,3,Against,For
61,1647366936245,15/03/2022 17:55:36,1647366934648,2,15/03/2022 19:55:34,81666,6,task-iytf,NA,20415360,6056043,NA,complete,NA,6230d0928fd4849c70acd4a0,computer,Desktop or Laptop,Windows 10,Chrome 99.0.4844.51,1536x864,1519x722,NA,ITT Ratings,2,not for,6,NA,NA,NA,NA,ACCEPT,NA,NA,NA,NA,NA,six_Nv,six_Nv,25,59,1,Screen 1,continueButton,response_rating_scale_likert_active,9448.700000047684,NA,NA,Neither Agree nor Disagree,1,0,1,0,NA,NA,NA,NA,1,statements,Killing animals when there are other alternatives is unethical,1,28/02/2022 18:39,28/02/2022 18:47,R_2bZcijXOUQBstz6,YES,No,Undecided,Agree,NA,Strongly Disagree,Strongly Disagree,Strongly Disagree,NA,NA,NA,Strongly Disagree,Strongly Disagree,Strongly Disagree,NA,NA,NA,Once or twice a year,Most months,24,Female,NA,A levels,NA,54,1,Against,For
62,1647366947834,15/03/2022 17:55:47,1647366945832,2,15/03/2022 19:55:45,81666,6,task-iytf,NA,20415360,6056043,NA,complete,NA,6230d0928fd4849c70acd4a0,computer,Desktop or Laptop,Windows 10,Chrome 99.0.4844.51,1536x864,1519x722,NA,ITT Ratings,2,not for,6,NA,NA,NA,NA,ACCEPT,NA,NA,NA,NA,NA,six_Nv,six_Nv,44,60,1,Screen 1,continueButton,response_rating_scale_likert_active,11171.69999998808,NA,NA,Somewhat Agree,1,0,1,0,NA,NA,NA,NA,1,statements,"Imagine eating a live animal fried, disgusting.",1,28/02/2022 18:39,28/02/2022 18:48,R_3mdzgjP8i6dxsHf,YES,No,Very Doubtful,Somewhat Agree,NA,Disagree,Disagree,Disagree,NA,NA,NA,Somewhat Agree,Somewhat Disagree,Neither Agree nor Disagree,NA,NA,NA,A few times a year,Rarely,22,Male,NA,"Postgraduate degree (MSc, MA, MPhil)",NA,57,2,Against,For
63,1647366950875,15/03/2022 17:55:50,1647366950615,2,15/03/2022 19:55:50,81666,6,task-iytf,NA,20415360,6056043,NA,complete,NA,6230d0928fd4849c70acd4a0,computer,Desktop or Laptop,Windows 10,Chrome 99.0.4844.51,1536x864,1519x722,NA,ITT Ratings,2,not for,6,NA,NA,NA,NA,ACCEPT,NA,NA,NA,NA,NA,six_Nv,six_Nv,51,61,1,Screen 1,continueButton,response_rating_scale_likert_active,4775.600000023842,NA,NA,Agree,1,0,1,0,NA,NA,NA,NA,1,statements,It is also part of some religions to be a vegan and to not eat meat.,1,28/02/2022 18:39,28/02/2022 18:48,R_pgU8VMzPAuo2dFv,YES,No,Somewhat doubtful,Agree,NA,Strongly Disagree,Strongly Disagree,Strongly Disagree,NA,NA,NA,Strongly Disagree,Strongly Disagree,Strongly Disagree,NA,NA,NA,Rarely,Once or twice a year,24,Female,NA,"Undergraduate degree (BSc, BA)",NA,58,3,Against,For
64,1647366960803,15/03/2022 17:56:00,1647366960178,2,15/03/2022 19:56:00,81666,6,task-iytf,NA,20415360,6056043,NA,complete,NA,6230d0928fd4849c70acd4a0,computer,Desktop or Laptop,Windows 10,Chrome 99.0.4844.51,1536x864,1519x722,NA,ITT Ratings,2,not for,6,NA,NA,NA,NA,ACCEPT,NA,NA,NA,NA,NA,six_Nv,six_Nv,61,62,1,Screen 1,continueButton,response_rating_scale_likert_active,9555.200000047684,NA,NA,Agree,1,0,1,0,NA,NA,NA,NA,1,statements,I am vegan for many reasons but one is for the animals and food industry,1,28/02/2022 18:40,28/02/2022 18:49,R_xgsVgnBpm54iZH3,YES,No,Somewhat Confident,Agree,NA,Disagree,Disagree,Disagree,NA,NA,NA,Strongly Disagree,Disagree,Disagree,NA,NA,NA,Once or twice a year,A few times a year,26,Female,NA,"Postgraduate degree (MSc, MA, MPhil)",NA,60,1,Against,For
65,1647366960938,15/03/2022 17:56:00,1647366960182,2,15/03/2022 19:56:00,81666,6,task-iytf,NA,20415360,6056043,NA,complete,NA,6230d0928fd4849c70acd4a0,computer,Desktop or Laptop,Windows 10,Chrome 99.0.4844.51,1536x864,1519x722,NA,ITT Ratings,2,not for,6,NA,NA,NA,NA,ACCEPT,NA,NA,NA,NA,NA,six_Nv,NA,NA,END TASK,NA,NA,NA,NA,522017,NA,NA,NA,NA,0,1,0,NA,NA,NA,NA,NA,NA,NA,NA,NA,NA,NA,NA,NA,NA,NA,NA,NA,NA,NA,NA,NA,NA,NA,NA,NA,NA,NA,NA,NA,NA,NA,NA,NA,NA,NA,NA,NA,NA,NA
END OF FILE,NA,NA,NA,NA,NA,NA,NA,NA,NA,NA,NA,NA,NA,NA,NA,NA,NA,NA,NA,NA,NA,NA,NA,NA,NA,NA,NA,NA,NA,NA,NA,NA,NA,NA,NA,NA,NA,NA,NA,NA,NA,NA,NA,NA,NA,NA,NA,NA,NA,NA,NA,NA,NA,NA,NA,NA,NA,NA,NA,NA,NA,NA,NA,NA,NA,NA,NA,NA,NA,NA,NA,NA,NA,NA,NA,NA,NA,NA,NA,NA,NA,NA,NA,NA,NA,NA,NA,NA,NA,NA,NA
